parcel_id,crop_id_true,variant
0,2,standard
1,0,standard
2,0,standard
3,0,standard
4,3,late_sown
5,4,standard
6,2,standard
7,3,late_sown
8,1,standard
9,4,standard
10,3,standard
11,0,standard
12,3,late_sown
13,0,standard
14,3,late_sown
15,0,standard
16,4,standard
17,1,standard
18,0,standard
19,1,standard
20,0,standard
21,0,standard
22,3,standard
23,2,standard
24,2,standard
25,0,direct_seeded
26,4,standard
27,4,standard
28,3,late_sown
29,2,standard
30,3,standard
31,0,standard
32,0,standard
33,3,standard
34,1,standard
35,0,direct_seeded
36,1,standard
37,4,standard
38,4,standard
39,0,standard
40,1,standard
41,0,standard
42,2,standard
43,0,standard
44,0,standard
45,4,standard
46,0,direct_seeded
47,2,intercropped_maize
48,0,direct_seeded
49,3,late_sown
50,3,late_sown
51,0,direct_seeded
52,4,standard
53,0,standard
54,0,standard
55,0,standard
56,1,standard
57,3,standard
58,0,standard
59,0,standard
60,0,direct_seeded
61,0,standard
62,0,standard
63,2,standard
64,0,standard
65,3,late_sown
66,0,standard
67,4,standard
68,0,standard
69,0,standard
70,2,standard
71,4,standard
72,1,standard
73,4,standard
74,1,standard
75,1,standard
76,2,standard
77,4,standard
78,4,standard
79,1,standard
80,3,standard
81,1,standard
82,1,standard
83,3,late_sown
84,0,standard
85,3,standard
86,3,late_sown
87,4,standard
88,0,direct_seeded
89,3,standard
90,4,standard
91,4,standard
92,0,standard
93,4,standard
94,4,standard
95,4,standard
96,0,standard
97,4,standard
98,4,standard
99,3,standard
100,1,standard
101,0,standard
102,3,standard
103,4,standard
104,0,standard
105,1,standard
106,1,standard
107,4,standard
108,0,standard
109,3,standard
110,2,standard
111,0,standard
112,3,standard
113,0,standard
114,3,standard
115,1,standard
116,4,standard
117,0,standard
118,3,standard
119,0,direct_seeded
120,0,direct_seeded
121,1,standard
122,4,standard
123,1,standard
124,0,standard
125,0,direct_seeded
126,4,standard
127,0,direct_seeded
128,0,standard
129,0,standard
130,2,intercropped_maize
131,1,standard
132,3,standard
133,1,standard
134,0,standard
135,0,standard
136,3,standard
137,2,intercropped_maize
138,4,standard
139,0,standard
140,1,standard
141,2,standard
142,3,standard
143,0,direct_seeded
144,0,standard
145,4,standard
146,0,standard
147,3,late_sown
148,0,standard
149,3,standard
150,0,standard
151,0,standard
152,0,standard
153,2,intercropped_maize
154,0,standard
155,3,late_sown
156,4,standard
157,0,standard
158,4,standard
159,0,direct_seeded
160,0,standard
161,1,standard
162,1,standard
163,4,standard
164,3,standard
165,0,standard
166,0,standard
167,4,standard
168,4,standard
169,1,standard
170,0,standard
171,4,standard
172,0,direct_seeded
173,0,standard
174,4,standard
175,3,standard
176,3,late_sown
177,4,standard
178,4,standard
179,3,late_sown
180,4,standard
181,0,standard
182,0,standard
183,3,standard
184,3,late_sown
185,0,standard
186,0,direct_seeded
187,4,standard
188,1,standard
189,1,standard
190,0,standard
191,1,standard
192,1,standard
193,0,standard
194,4,standard
195,1,standard
196,0,standard
197,3,late_sown
198,4,standard
199,2,intercropped_maize
200,0,standard
201,0,direct_seeded
202,3,standard
203,0,standard
204,1,standard
205,2,standard
206,4,standard
207,0,standard
208,1,standard
209,3,standard
210,0,standard
211,0,standard
212,0,standard
213,3,standard
214,0,standard
215,0,standard
216,4,standard
217,1,standard
218,4,standard
219,3,late_sown
220,4,standard
221,0,standard
222,0,standard
223,0,standard
224,4,standard
225,2,intercropped_maize
226,1,standard
227,0,direct_seeded
228,3,standard
229,0,direct_seeded
230,3,standard
231,1,standard
232,1,standard
233,3,standard
234,0,direct_seeded
235,1,standard
236,0,standard
237,3,standard
238,1,standard
239,4,standard
240,0,standard
241,4,standard
242,3,standard
243,1,standard
244,3,standard
245,2,standard
246,2,standard
247,4,standard
248,0,standard
249,3,late_sown
250,0,standard
251,0,standard
252,4,standard
253,3,standard
254,1,standard
255,1,standard
256,4,standard
257,0,standard
258,3,late_sown
259,3,standard
260,3,standard
261,0,standard
262,3,standard
263,0,standard
264,0,direct_seeded
265,0,standard
266,1,standard
267,0,standard
268,0,standard
269,0,direct_seeded
270,3,standard
271,3,standard
272,0,direct_seeded
273,3,standard
274,3,standard
275,4,standard
276,3,late_sown
277,1,standard
278,4,standard
279,4,standard
280,1,standard
281,3,late_sown
282,4,standard
283,1,standard
284,4,standard
285,3,standard
286,0,standard
287,3,standard
288,1,standard
289,0,standard
290,0,direct_seeded
291,0,standard
292,1,standard
293,1,standard
294,1,standard
295,2,standard
296,0,standard
297,4,standard
298,3,standard
299,3,standard
300,4,standard
301,2,intercropped_maize
302,0,standard
303,3,late_sown
304,1,standard
305,3,standard
306,1,standard
307,3,standard
308,4,standard
309,0,standard
310,0,standard
311,0,direct_seeded
312,3,standard
313,1,standard
314,2,standard
315,0,direct_seeded
316,3,late_sown
317,0,direct_seeded
318,0,direct_seeded
319,4,standard
320,1,standard
321,1,standard
322,4,standard
323,0,direct_seeded
324,3,standard
325,0,direct_seeded
326,0,direct_seeded
327,3,late_sown
328,0,standard
329,0,standard
330,4,standard
331,0,standard
332,1,standard
333,0,standard
334,0,standard
335,4,standard
336,3,standard
337,1,standard
338,0,standard
339,1,standard
340,0,direct_seeded
341,3,standard
342,3,late_sown
343,2,standard
344,2,standard
345,0,standard
346,0,direct_seeded
347,1,standard
348,0,standard
349,4,standard
350,4,standard
351,0,standard
352,2,standard
353,3,standard
354,0,standard
355,0,standard
356,3,standard
357,4,standard
358,0,standard
359,0,standard
360,3,standard
361,2,standard
362,1,standard
363,0,standard
364,0,standard
365,0,standard
366,1,standard
367,0,standard
368,4,standard
369,0,standard
370,1,standard
371,0,standard
372,0,standard
373,3,standard
374,2,intercropped_maize
375,3,standard
376,0,standard
377,0,standard
378,1,standard
379,1,standard
380,0,direct_seeded
381,0,standard
382,4,standard
383,0,standard
384,3,standard
385,3,late_sown
386,0,standard
387,1,standard
388,3,late_sown
389,3,standard
390,3,standard
391,3,late_sown
392,3,standard
393,4,standard
394,3,standard
395,0,direct_seeded
396,3,standard
397,0,standard
398,1,standard
399,0,direct_seeded
400,0,standard
401,4,standard
402,0,direct_seeded
403,0,standard
404,0,direct_seeded
405,4,standard
406,0,standard
407,3,late_sown
408,0,standard
409,2,standard
410,4,standard
411,3,standard
412,4,standard
413,1,standard
414,4,standard
415,3,standard
416,3,late_sown
417,4,standard
418,2,standard
419,0,standard
420,1,standard
421,0,standard
422,3,late_sown
423,0,standard
424,1,standard
425,1,standard
426,3,standard
427,3,standard
428,0,standard
429,2,standard
430,0,standard
431,2,standard
432,3,standard
433,2,standard
434,3,standard
435,1,standard
436,1,standard
437,0,standard
438,0,standard
439,3,standard
440,3,standard
441,0,standard
442,4,standard
443,3,standard
444,1,standard
445,3,standard
446,1,standard
447,1,standard
448,0,standard
449,0,direct_seeded
450,3,standard
451,3,standard
452,3,standard
453,0,standard
454,1,standard
455,1,standard
456,4,standard
457,0,direct_seeded
458,0,direct_seeded
459,4,standard
460,4,standard
461,0,standard
462,0,standard
463,2,standard
464,3,standard
465,2,standard
466,0,standard
467,0,standard
468,1,standard
469,3,standard
470,0,direct_seeded
471,0,standard
472,1,standard
473,0,standard
474,0,standard
475,3,standard
476,3,standard
477,0,standard
478,0,direct_seeded
479,0,standard
480,0,direct_seeded
481,1,standard
482,1,standard
483,0,standard
484,2,standard
485,3,late_sown
486,1,standard
487,0,standard
488,2,standard
489,2,intercropped_maize
490,0,standard
491,0,standard
492,1,standard
493,2,intercropped_maize
494,2,standard
495,0,direct_seeded
496,1,standard
497,4,standard
498,1,standard
499,3,standard
500,0,standard
501,4,standard
502,4,standard
503,0,direct_seeded
504,0,standard
505,1,standard
506,0,standard
507,4,standard
508,4,standard
509,4,standard
510,2,intercropped_maize
511,1,standard
512,3,standard
513,2,standard
514,0,standard
515,4,standard
516,1,standard
517,3,standard
518,1,standard
519,0,standard
520,0,standard
521,1,standard
522,0,standard
523,0,standard
524,1,standard
525,3,standard
526,2,intercropped_maize
527,0,direct_seeded
528,3,standard
529,1,standard
530,4,standard
531,3,standard
532,3,standard
533,0,standard
534,0,standard
535,0,standard
536,1,standard
537,1,standard
538,0,standard
539,3,late_sown
540,4,standard
541,0,standard
542,1,standard
543,2,standard
544,3,standard
545,0,direct_seeded
546,0,standard
547,3,late_sown
548,1,standard
549,4,standard
550,1,standard
551,0,direct_seeded
552,0,standard
553,0,standard
554,2,standard
555,0,direct_seeded
556,4,standard
557,0,standard
558,3,standard
559,1,standard
560,2,standard
561,4,standard
562,0,standard
563,0,standard
564,0,standard
565,0,standard
566,1,standard
567,0,standard
568,3,standard
569,0,direct_seeded
570,0,standard
571,1,standard
572,0,standard
573,0,direct_seeded
574,0,standard
575,0,direct_seeded
576,4,standard
577,0,direct_seeded
578,0,standard
579,2,standard
580,3,standard
581,3,standard
582,0,direct_seeded
583,2,standard
584,3,standard
585,3,standard
586,2,standard
587,0,standard
588,0,standard
589,0,standard
590,4,standard
591,1,standard
592,4,standard
593,1,standard
594,3,late_sown
595,1,standard
596,3,late_sown
597,0,direct_seeded
598,4,standard
599,0,direct_seeded
600,0,standard
601,3,standard
602,3,standard
603,2,standard
604,3,standard
605,2,intercropped_maize
606,0,standard
607,3,standard
608,0,standard
609,0,standard
610,1,standard
611,0,standard
612,0,standard
613,1,standard
614,2,intercropped_maize
615,0,standard
616,3,standard
617,0,direct_seeded
618,0,direct_seeded
619,3,standard
620,3,late_sown
621,1,standard
622,0,standard
623,3,standard
624,3,standard
625,0,direct_seeded
626,3,standard
627,0,standard
628,4,standard
629,3,standard
630,0,standard
631,4,standard
632,0,standard
633,0,direct_seeded
634,0,standard
635,3,standard
636,1,standard
637,1,standard
638,0,standard
639,3,standard
640,0,standard
641,0,standard
642,3,standard
643,1,standard
644,4,standard
645,2,standard
646,3,late_sown
647,0,standard
648,0,direct_seeded
649,0,standard
650,1,standard
651,1,standard
652,3,standard
653,0,standard
654,3,late_sown
655,4,standard
656,0,standard
657,0,standard
658,0,standard
659,0,standard
660,4,standard
661,0,standard
662,3,standard
663,1,standard
664,0,standard
665,0,standard
666,0,standard
667,0,standard
668,0,standard
669,0,standard
670,4,standard
671,1,standard
672,4,standard
673,0,standard
674,0,standard
675,0,standard
676,3,standard
677,0,standard
678,1,standard
679,3,standard
680,0,standard
681,0,standard
682,3,standard
683,1,standard
684,0,standard
685,0,standard
686,3,standard
687,4,standard
688,4,standard
689,1,standard
690,0,standard
691,0,standard
692,1,standard
693,3,late_sown
694,2,intercropped_maize
695,0,standard
696,3,standard
697,1,standard
698,4,standard
699,1,standard
700,3,standard
701,0,standard
702,3,standard
703,0,standard
704,1,standard
705,0,standard
706,4,standard
707,0,standard
708,1,standard
709,2,standard
710,3,standard
711,1,standard
712,3,standard
713,1,standard
714,4,standard
715,3,standard
716,4,standard
717,4,standard
718,3,standard
719,0,direct_seeded
720,0,standard
721,2,standard
722,0,standard
723,0,direct_seeded
724,0,standard
725,3,late_sown
726,3,standard
727,0,standard
728,1,standard
729,0,standard
730,3,standard
731,1,standard
732,3,late_sown
733,1,standard
734,4,standard
735,0,standard
736,4,standard
737,0,direct_seeded
738,0,standard
739,3,standard
740,0,standard
741,1,standard
742,2,standard
743,0,standard
744,0,standard
745,4,standard
746,3,standard
747,0,standard
748,3,late_sown
749,0,direct_seeded
750,0,direct_seeded
751,3,standard
752,3,late_sown
753,3,standard
754,0,standard
755,3,standard
756,1,standard
757,0,direct_seeded
758,3,standard
759,3,late_sown
760,0,direct_seeded
761,0,standard
762,4,standard
763,4,standard
764,0,standard
765,3,standard
766,0,standard
767,4,standard
768,3,standard
769,0,standard
770,0,standard
771,2,standard
772,0,standard
773,3,standard
774,2,intercropped_maize
775,0,direct_seeded
776,2,intercropped_maize
777,0,direct_seeded
778,0,standard
779,0,standard
780,0,standard
781,0,direct_seeded
782,4,standard
783,0,standard
784,0,standard
785,0,standard
786,4,standard
787,0,standard
788,1,standard
789,0,standard
790,4,standard
791,0,direct_seeded
792,0,standard
793,2,intercropped_maize
794,3,standard
795,0,direct_seeded
796,0,direct_seeded
797,0,standard
798,1,standard
799,4,standard
800,3,late_sown
801,2,standard
802,0,standard
803,3,standard
804,3,standard
805,0,standard
806,0,direct_seeded
807,0,standard
808,1,standard
809,2,standard
810,0,standard
811,1,standard
812,4,standard
813,0,standard
814,0,standard
815,0,standard
816,0,standard
817,4,standard
818,1,standard
819,4,standard
820,1,standard
821,1,standard
822,0,direct_seeded
823,3,standard
824,2,intercropped_maize
825,0,standard
826,0,standard
827,0,standard
828,4,standard
829,0,standard
830,3,standard
831,4,standard
832,0,direct_seeded
833,0,standard
834,0,standard
835,3,standard
836,0,direct_seeded
837,1,standard
838,0,standard
839,3,standard
840,1,standard
841,1,standard
842,0,standard
843,1,standard
844,0,standard
845,3,standard
846,4,standard
847,3,standard
848,1,standard
849,3,standard
850,0,standard
851,3,standard
852,3,late_sown
853,0,direct_seeded
854,3,standard
855,0,standard
856,2,intercropped_maize
857,0,standard
858,2,standard
859,0,standard
860,0,standard
861,2,intercropped_maize
862,1,standard
863,0,standard
864,4,standard
865,4,standard
866,1,standard
867,3,standard
868,1,standard
869,3,standard
870,3,standard
871,3,standard
872,0,standard
873,0,direct_seeded
874,2,intercropped_maize
875,0,standard
876,4,standard
877,3,standard
878,1,standard
879,0,direct_seeded
880,3,late_sown
881,3,late_sown
882,3,standard
883,3,late_sown
884,1,standard
885,1,standard
886,1,standard
887,4,standard
888,0,standard
889,3,standard
890,1,standard
891,0,standard
892,1,standard
893,0,direct_seeded
894,1,standard
895,3,standard
896,0,standard
897,1,standard
898,2,standard
899,3,standard
900,0,standard
901,0,direct_seeded
902,3,standard
903,1,standard
904,0,standard
905,0,standard
906,0,direct_seeded
907,0,standard
908,0,standard
909,0,standard
910,0,standard
911,3,standard
912,0,standard
913,0,standard
914,3,standard
915,0,standard
916,0,standard
917,3,late_sown
918,3,standard
919,0,standard
920,3,standard
921,0,standard
922,3,standard
923,0,standard
924,1,standard
925,0,standard
926,4,standard
927,0,standard
928,4,standard
929,0,standard
930,0,standard
931,3,standard
932,3,standard
933,2,intercropped_maize
934,0,standard
935,0,direct_seeded
936,1,standard
937,1,standard
938,1,standard
939,4,standard
940,2,standard
941,1,standard
942,3,standard
943,2,standard
944,0,standard
945,2,intercropped_maize
946,0,standard
947,4,standard
948,1,standard
949,3,standard
950,1,standard
951,0,direct_seeded
952,3,standard
953,1,standard
954,1,standard
955,0,direct_seeded
956,3,standard
957,0,direct_seeded
958,2,intercropped_maize
959,3,standard
960,0,standard
961,0,standard
962,0,direct_seeded
963,0,standard
964,4,standard
965,0,standard
966,4,standard
967,4,standard
968,1,standard
969,0,standard
970,3,standard
971,0,direct_seeded
972,0,direct_seeded
973,3,late_sown
974,4,standard
975,3,standard
976,3,standard
977,0,direct_seeded
978,0,standard
979,0,standard
980,0,standard
981,4,standard
982,0,standard
983,3,standard
984,0,standard
985,0,direct_seeded
986,3,late_sown
987,1,standard
988,3,standard
989,0,standard
990,3,standard
991,3,standard
992,3,standard
993,0,standard
994,0,standard
995,0,direct_seeded
996,4,standard
997,4,standard
998,0,standard
999,3,standard
1000,1,standard
1001,3,standard
1002,0,standard
1003,0,standard
1004,2,intercropped_maize
1005,3,late_sown
1006,2,intercropped_maize
1007,3,standard
1008,2,standard
1009,3,late_sown
1010,0,standard
1011,0,standard
1012,0,standard
1013,1,standard
1014,3,standard
1015,1,standard
1016,1,standard
1017,0,standard
1018,0,direct_seeded
1019,0,standard
1020,3,standard
1021,0,standard
1022,3,standard
1023,3,late_sown
1024,3,late_sown
1025,1,standard
1026,3,standard
1027,3,standard
1028,2,standard
1029,4,standard
1030,2,intercropped_maize
1031,0,standard
1032,0,standard
1033,1,standard
1034,4,standard
1035,0,standard
1036,0,standard
1037,0,standard
1038,0,standard
1039,3,standard
1040,0,standard
1041,3,late_sown
1042,0,standard
1043,0,standard
1044,3,standard
1045,1,standard
1046,2,standard
1047,2,standard
1048,3,standard
1049,3,standard
1050,1,standard
1051,3,late_sown
1052,0,standard
1053,3,standard
1054,0,direct_seeded
1055,4,standard
1056,0,standard
1057,1,standard
1058,0,standard
1059,0,standard
1060,0,direct_seeded
1061,0,direct_seeded
1062,4,standard
1063,0,standard
1064,0,standard
1065,3,standard
1066,4,standard
1067,1,standard
1068,0,direct_seeded
1069,3,standard
1070,0,direct_seeded
1071,0,standard
1072,3,standard
1073,0,standard
1074,1,standard
1075,2,intercropped_maize
1076,4,standard
1077,4,standard
1078,3,standard
1079,0,direct_seeded
1080,0,direct_seeded
1081,3,standard
1082,3,standard
1083,0,standard
1084,0,standard
1085,4,standard
1086,0,standard
1087,1,standard
1088,0,direct_seeded
1089,0,standard
1090,0,standard
1091,1,standard
1092,0,direct_seeded
1093,4,standard
1094,3,standard
1095,2,intercropped_maize
1096,1,standard
1097,0,standard
1098,0,standard
1099,2,standard
1100,0,standard
1101,2,standard
1102,0,standard
1103,1,standard
1104,2,standard
1105,4,standard
1106,1,standard
1107,0,standard
1108,0,standard
1109,4,standard
1110,3,standard
1111,0,standard
1112,2,intercropped_maize
1113,0,standard
1114,0,standard
1115,0,standard
1116,3,standard
1117,0,standard
1118,0,direct_seeded
1119,0,standard
1120,3,late_sown
1121,2,standard
1122,0,standard
1123,0,standard
1124,3,late_sown
1125,0,standard
1126,1,standard
1127,0,standard
1128,0,direct_seeded
1129,0,standard
1130,4,standard
1131,4,standard
1132,3,standard
1133,4,standard
1134,3,standard
1135,0,standard
1136,4,standard
1137,0,standard
1138,3,standard
1139,4,standard
1140,0,direct_seeded
1141,0,standard
1142,3,late_sown
1143,0,direct_seeded
1144,3,standard
1145,3,standard
1146,3,standard
1147,3,late_sown
1148,2,standard
1149,4,standard
1150,0,standard
1151,3,standard
1152,0,standard
1153,4,standard
1154,0,standard
1155,3,standard
1156,4,standard
1157,0,standard
1158,3,standard
1159,0,standard
1160,1,standard
1161,0,direct_seeded
1162,0,standard
1163,0,standard
1164,0,standard
1165,0,standard
1166,3,standard
1167,4,standard
1168,0,standard
1169,0,standard
1170,0,standard
1171,1,standard
1172,1,standard
1173,3,standard
1174,1,standard
1175,4,standard
1176,0,standard
1177,4,standard
1178,1,standard
1179,0,direct_seeded
1180,0,direct_seeded
1181,1,standard
1182,1,standard
1183,3,standard
1184,0,standard
1185,4,standard
1186,0,direct_seeded
1187,4,standard
1188,1,standard
1189,0,direct_seeded
1190,0,standard
1191,0,direct_seeded
1192,1,standard
1193,0,standard
1194,0,standard
1195,4,standard
1196,0,standard
1197,2,intercropped_maize
1198,0,direct_seeded
1199,0,standard
1200,2,standard
1201,4,standard
1202,0,standard
1203,1,standard
1204,4,standard
1205,4,standard
1206,1,standard
1207,3,standard
1208,4,standard
1209,0,standard
1210,3,late_sown
1211,0,standard
1212,2,intercropped_maize
1213,2,intercropped_maize
1214,0,direct_seeded
1215,3,standard
1216,2,intercropped_maize
1217,4,standard
1218,0,standard
1219,0,standard
1220,0,standard
1221,3,standard
1222,0,standard
1223,1,standard
1224,0,standard
1225,0,standard
1226,3,standard
1227,0,standard
1228,3,standard
1229,4,standard
1230,0,direct_seeded
1231,0,direct_seeded
1232,2,standard
1233,0,direct_seeded
1234,3,late_sown
1235,2,standard
1236,2,standard
1237,2,standard
1238,3,standard
1239,4,standard
1240,4,standard
1241,3,standard
1242,4,standard
1243,3,late_sown
1244,3,standard
1245,0,standard
1246,0,standard
1247,0,standard
1248,0,standard
1249,0,direct_seeded
1250,3,standard
1251,3,standard
1252,2,standard
1253,0,direct_seeded
1254,4,standard
1255,1,standard
1256,4,standard
1257,4,standard
1258,0,direct_seeded
1259,0,direct_seeded
1260,0,standard
1261,4,standard
1262,0,standard
1263,3,late_sown
1264,4,standard
1265,3,standard
1266,3,late_sown
1267,0,standard
1268,3,standard
1269,1,standard
1270,4,standard
1271,4,standard
1272,4,standard
1273,0,standard
1274,0,standard
1275,4,standard
1276,0,standard
1277,0,direct_seeded
1278,4,standard
1279,0,standard
1280,4,standard
1281,0,standard
1282,3,standard
1283,0,standard
1284,0,standard
1285,0,direct_seeded
1286,0,direct_seeded
1287,4,standard
1288,1,standard
1289,4,standard
1290,0,standard
1291,0,standard
1292,3,standard
1293,0,standard
1294,4,standard
1295,2,standard
1296,1,standard
1297,1,standard
1298,4,standard
1299,0,direct_seeded
1300,1,standard
1301,3,standard
1302,0,standard
1303,0,standard
1304,1,standard
1305,3,standard
1306,0,standard
1307,4,standard
1308,0,direct_seeded
1309,3,standard
1310,0,direct_seeded
1311,4,standard
1312,0,standard
1313,0,standard
1314,4,standard
1315,3,standard
1316,3,late_sown
1317,0,standard
1318,3,late_sown
1319,0,standard
1320,0,standard
1321,3,standard
1322,4,standard
1323,1,standard
1324,4,standard
1325,0,direct_seeded
1326,3,standard
1327,0,standard
1328,2,standard
1329,1,standard
1330,1,standard
1331,0,direct_seeded
1332,0,standard
1333,3,standard
1334,0,standard
1335,0,standard
1336,0,standard
1337,0,standard
1338,0,direct_seeded
1339,0,direct_seeded
1340,0,direct_seeded
1341,4,standard
1342,2,intercropped_maize
1343,3,standard
1344,3,standard
1345,0,standard
1346,2,intercropped_maize
1347,1,standard
1348,4,standard
1349,0,direct_seeded
1350,0,standard
1351,3,standard
1352,0,standard
1353,2,standard
1354,0,standard
1355,1,standard
1356,0,direct_seeded
1357,1,standard
1358,1,standard
1359,3,standard
1360,4,standard
1361,1,standard
1362,0,standard
1363,0,direct_seeded
1364,0,direct_seeded
1365,0,direct_seeded
1366,0,standard
1367,3,standard
1368,3,standard
1369,4,standard
1370,0,standard
1371,3,standard
1372,0,standard
1373,0,direct_seeded
1374,0,standard
1375,0,standard
1376,1,standard
1377,3,standard
1378,1,standard
1379,3,standard
1380,1,standard
1381,1,standard
1382,0,standard
1383,1,standard
1384,1,standard
1385,1,standard
1386,4,standard
1387,0,standard
1388,4,standard
1389,2,intercropped_maize
1390,3,standard
1391,0,direct_seeded
1392,3,standard
1393,3,standard
1394,0,standard
1395,0,standard
1396,0,standard
1397,3,standard
1398,4,standard
1399,0,standard
1400,1,standard
1401,0,direct_seeded
1402,4,standard
1403,4,standard
1404,0,standard
1405,0,standard
1406,3,standard
1407,3,standard
1408,3,standard
1409,3,standard
1410,3,standard
1411,2,standard
1412,2,standard
1413,3,late_sown
1414,0,direct_seeded
1415,0,standard
1416,0,standard
1417,0,standard
1418,0,standard
1419,0,standard
1420,1,standard
1421,3,late_sown
1422,4,standard
1423,0,standard
1424,0,direct_seeded
1425,1,standard
1426,1,standard
1427,3,standard
1428,2,standard
1429,2,intercropped_maize
1430,0,standard
1431,0,standard
1432,3,standard
1433,3,standard
1434,0,standard
1435,1,standard
1436,4,standard
1437,1,standard
1438,0,standard
1439,4,standard
1440,0,standard
1441,0,standard
1442,0,standard
1443,0,standard
1444,4,standard
1445,0,standard
1446,0,direct_seeded
1447,0,standard
1448,3,late_sown
1449,1,standard
1450,3,standard
1451,0,standard
1452,2,intercropped_maize
1453,1,standard
1454,0,standard
1455,1,standard
1456,0,standard
1457,0,standard
1458,4,standard
1459,2,standard
1460,4,standard
1461,2,standard
1462,0,direct_seeded
1463,4,standard
1464,1,standard
1465,0,standard
1466,4,standard
1467,0,direct_seeded
1468,1,standard
1469,4,standard
1470,0,standard
1471,2,standard
1472,1,standard
1473,0,standard
1474,2,intercropped_maize
1475,0,standard
1476,0,standard
1477,0,standard
1478,3,standard
1479,0,direct_seeded
1480,1,standard
1481,2,standard
1482,3,standard
1483,4,standard
1484,0,direct_seeded
1485,0,standard
1486,0,standard
1487,3,standard
1488,0,direct_seeded
1489,2,intercropped_maize
1490,4,standard
1491,0,direct_seeded
1492,1,standard
1493,1,standard
1494,0,direct_seeded
1495,0,standard
1496,1,standard
1497,3,standard
1498,0,direct_seeded
1499,4,standard
1500,0,direct_seeded
1501,0,standard
1502,2,standard
1503,3,standard
1504,2,standard
1505,0,standard
1506,0,standard
1507,0,standard
1508,1,standard
1509,0,standard
1510,1,standard
1511,0,standard
1512,1,standard
1513,0,standard
1514,3,standard
1515,0,direct_seeded
1516,1,standard
1517,0,standard
1518,3,standard
1519,0,standard
1520,0,standard
1521,3,standard
1522,4,standard
1523,3,late_sown
1524,0,standard
1525,3,standard
1526,0,standard
1527,0,standard
1528,4,standard
1529,1,standard
1530,0,standard
1531,0,standard
1532,0,standard
1533,0,direct_seeded
1534,4,standard
1535,3,standard
1536,1,standard
1537,0,standard
1538,4,standard
1539,0,direct_seeded
1540,3,standard
1541,0,standard
1542,0,standard
1543,4,standard
1544,0,standard
1545,3,late_sown
1546,0,direct_seeded
1547,3,standard
1548,0,direct_seeded
1549,0,standard
1550,0,standard
1551,0,standard
1552,4,standard
1553,0,standard
1554,1,standard
1555,0,standard
1556,0,standard
1557,0,standard
1558,0,standard
1559,2,intercropped_maize
1560,3,standard
1561,0,standard
1562,3,standard
1563,0,standard
1564,0,direct_seeded
1565,1,standard
1566,0,standard
1567,0,direct_seeded
1568,2,intercropped_maize
1569,4,standard
1570,4,standard
1571,0,standard
1572,0,standard
1573,4,standard
1574,2,standard
1575,0,standard
1576,4,standard
1577,0,standard
1578,1,standard
1579,0,standard
1580,4,standard
1581,0,standard
1582,0,standard
1583,0,standard
1584,3,standard
1585,4,standard
1586,3,late_sown
1587,1,standard
1588,3,standard
1589,0,direct_seeded
1590,2,standard
1591,3,standard
1592,0,direct_seeded
1593,3,standard
1594,4,standard
1595,3,standard
1596,3,standard
1597,0,direct_seeded
1598,0,standard
1599,3,standard
1600,3,late_sown
1601,1,standard
1602,4,standard
1603,0,direct_seeded
1604,0,standard
1605,0,direct_seeded
1606,1,standard
1607,3,standard
1608,0,direct_seeded
1609,0,standard
1610,0,direct_seeded
1611,4,standard
1612,3,standard
1613,0,standard
1614,3,standard
1615,3,standard
1616,3,standard
1617,3,standard
1618,0,standard
1619,0,standard
1620,0,standard
1621,0,direct_seeded
1622,0,standard
1623,3,standard
1624,2,intercropped_maize
1625,3,standard
1626,0,direct_seeded
1627,4,standard
1628,0,standard
1629,0,standard
1630,4,standard
1631,2,standard
1632,1,standard
1633,2,standard
1634,0,standard
1635,0,standard
1636,3,standard
1637,3,standard
1638,0,direct_seeded
1639,0,direct_seeded
1640,0,standard
1641,0,standard
1642,0,standard
1643,1,standard
1644,3,standard
1645,0,standard
1646,0,standard
1647,0,standard
1648,0,standard
1649,3,standard
1650,1,standard
1651,0,standard
1652,0,standard
1653,2,standard
1654,0,standard
1655,1,standard
1656,0,standard
1657,3,late_sown
1658,0,direct_seeded
1659,2,intercropped_maize
1660,1,standard
1661,0,direct_seeded
1662,3,standard
1663,0,standard
1664,0,standard
1665,3,standard
1666,0,standard
1667,0,direct_seeded
1668,3,standard
1669,1,standard
1670,0,standard
1671,0,standard
1672,2,standard
1673,0,direct_seeded
1674,0,direct_seeded
1675,3,standard
1676,4,standard
1677,3,late_sown
1678,0,standard
1679,3,standard
1680,2,standard
1681,0,standard
1682,3,standard
1683,0,standard
1684,0,standard
1685,0,standard
1686,3,standard
1687,4,standard
1688,0,standard
1689,0,standard
1690,2,standard
1691,0,standard
1692,3,standard
1693,3,standard
1694,0,standard
1695,2,standard
1696,0,standard
1697,0,standard
1698,0,standard
1699,0,direct_seeded
1700,0,direct_seeded
1701,2,standard
1702,3,late_sown
1703,0,standard
1704,2,intercropped_maize
1705,4,standard
1706,3,standard
1707,1,standard
1708,3,late_sown
1709,0,direct_seeded
1710,0,direct_seeded
1711,4,standard
1712,3,standard
1713,2,standard
1714,3,standard
1715,3,standard
1716,3,standard
1717,4,standard
1718,4,standard
1719,3,standard
1720,1,standard
1721,0,standard
1722,2,standard
1723,0,direct_seeded
1724,0,standard
1725,0,direct_seeded
1726,0,standard
1727,0,direct_seeded
1728,2,standard
1729,4,standard
1730,0,standard
1731,3,standard
1732,3,late_sown
1733,0,direct_seeded
1734,3,standard
1735,3,standard
1736,0,standard
1737,0,standard
1738,4,standard
1739,2,standard
1740,0,standard
1741,0,standard
1742,3,standard
1743,0,standard
1744,0,standard
1745,4,standard
1746,4,standard
1747,0,direct_seeded
1748,3,standard
1749,4,standard
1750,4,standard
1751,0,direct_seeded
1752,3,standard
1753,2,standard
1754,0,standard
1755,2,standard
1756,0,standard
1757,0,standard
1758,0,standard
1759,3,standard
1760,3,late_sown
1761,0,direct_seeded
1762,4,standard
1763,1,standard
1764,1,standard
1765,0,standard
1766,4,standard
1767,4,standard
1768,3,late_sown
1769,3,standard
1770,4,standard
1771,0,standard
1772,0,standard
1773,3,standard
1774,3,standard
1775,0,standard
1776,4,standard
1777,4,standard
1778,3,late_sown
1779,0,direct_seeded
1780,1,standard
1781,1,standard
1782,4,standard
1783,0,standard
1784,3,late_sown
1785,0,standard
1786,4,standard
1787,1,standard
1788,3,standard
1789,0,standard
1790,2,standard
1791,0,standard
1792,3,standard
1793,2,intercropped_maize
1794,0,standard
1795,4,standard
1796,0,direct_seeded
1797,3,late_sown
1798,3,standard
1799,1,standard
1800,0,standard
1801,2,standard
1802,1,standard
1803,3,late_sown
1804,0,standard
1805,0,standard
1806,0,direct_seeded
1807,2,standard
1808,0,direct_seeded
1809,3,standard
1810,2,standard
1811,0,standard
1812,4,standard
1813,0,standard
1814,1,standard
1815,2,intercropped_maize
1816,4,standard
1817,2,standard
1818,0,standard
1819,2,standard
1820,0,standard
1821,0,standard
1822,2,intercropped_maize
1823,0,standard
1824,2,standard
1825,2,intercropped_maize
1826,3,late_sown
1827,3,standard
1828,3,standard
1829,1,standard
1830,3,late_sown
1831,1,standard
1832,0,standard
1833,4,standard
1834,1,standard
1835,0,standard
1836,0,standard
1837,0,direct_seeded
1838,0,direct_seeded
1839,2,standard
1840,0,direct_seeded
1841,0,standard
1842,4,standard
1843,0,standard
1844,2,intercropped_maize
1845,1,standard
1846,2,intercropped_maize
1847,4,standard
1848,0,direct_seeded
1849,0,standard
1850,1,standard
1851,2,standard
1852,4,standard
1853,3,standard
1854,3,standard
1855,0,standard
1856,3,late_sown
1857,2,intercropped_maize
1858,0,standard
1859,3,standard
1860,4,standard
1861,4,standard
1862,4,standard
1863,0,standard
1864,0,standard
1865,3,standard
1866,4,standard
1867,1,standard
1868,2,standard
1869,0,standard
1870,1,standard
1871,2,intercropped_maize
1872,2,standard
1873,1,standard
1874,0,standard
1875,3,late_sown
1876,2,standard
1877,2,standard
1878,0,standard
1879,2,standard
1880,0,direct_seeded
1881,1,standard
1882,0,standard
1883,0,direct_seeded
1884,4,standard
1885,4,standard
1886,2,intercropped_maize
1887,1,standard
1888,3,standard
1889,0,standard
1890,4,standard
1891,1,standard
1892,0,standard
1893,0,standard
1894,1,standard
1895,4,standard
1896,0,standard
1897,2,standard
1898,1,standard
1899,0,standard
1900,4,standard
1901,0,direct_seeded
1902,3,standard
1903,3,standard
1904,3,standard
1905,2,intercropped_maize
1906,2,standard
1907,2,intercropped_maize
1908,3,standard
1909,4,standard
1910,1,standard
1911,3,standard
1912,4,standard
1913,2,standard
1914,0,standard
1915,0,standard
1916,0,standard
1917,0,standard
1918,2,intercropped_maize
1919,4,standard
1920,2,standard
1921,0,direct_seeded
1922,3,late_sown
1923,3,standard
1924,2,intercropped_maize
1925,4,standard
1926,0,direct_seeded
1927,0,standard
1928,2,standard
1929,4,standard
1930,0,standard
1931,4,standard
1932,0,direct_seeded
1933,0,standard
1934,1,standard
1935,0,direct_seeded
1936,1,standard
1937,4,standard
1938,3,standard
1939,0,standard
1940,2,standard
1941,0,standard
1942,3,standard
1943,3,late_sown
1944,0,standard
1945,2,standard
1946,0,direct_seeded
1947,3,standard
1948,1,standard
1949,0,direct_seeded
1950,2,standard
1951,2,standard
1952,4,standard
1953,3,standard
1954,3,standard
1955,3,late_sown
1956,4,standard
1957,0,standard
1958,4,standard
1959,4,standard
1960,0,standard
1961,0,standard
1962,4,standard
1963,2,standard
1964,0,standard
1965,3,late_sown
1966,2,standard
1967,2,intercropped_maize
1968,2,intercropped_maize
1969,3,late_sown
1970,0,standard
1971,1,standard
1972,3,standard
1973,0,standard
1974,0,direct_seeded
1975,0,standard
1976,4,standard
1977,0,standard
1978,2,standard
1979,2,intercropped_maize
1980,3,standard
1981,3,standard
1982,4,standard
1983,1,standard
1984,1,standard
1985,0,direct_seeded
1986,0,standard
1987,2,standard
1988,2,standard
1989,4,standard
1990,1,standard
1991,1,standard
1992,3,standard
1993,4,standard
1994,4,standard
1995,0,standard
1996,4,standard
1997,1,standard
1998,2,standard
1999,2,standard
2000,4,standard
2001,0,standard
2002,0,direct_seeded
2003,0,standard
2004,2,intercropped_maize
2005,1,standard
2006,0,standard
2007,0,standard
2008,0,direct_seeded
2009,4,standard
2010,3,standard
2011,0,standard
2012,1,standard
2013,0,direct_seeded
2014,1,standard
2015,0,standard
2016,2,intercropped_maize
2017,1,standard
2018,0,standard
2019,4,standard
2020,1,standard
2021,0,standard
2022,3,standard
2023,2,intercropped_maize
2024,4,standard
2025,0,direct_seeded
2026,1,standard
2027,1,standard
2028,2,intercropped_maize
2029,0,standard
2030,0,standard
2031,1,standard
2032,0,standard
2033,0,standard
2034,3,standard
2035,2,standard
2036,3,standard
2037,3,late_sown
2038,0,direct_seeded
2039,3,standard
2040,2,intercropped_maize
2041,1,standard
2042,1,standard
2043,0,standard
2044,3,standard
2045,2,standard
2046,3,standard
2047,4,standard
2048,1,standard
2049,0,standard
2050,1,standard
2051,0,standard
2052,0,standard
2053,3,standard
2054,2,standard
2055,2,intercropped_maize
2056,3,standard
2057,1,standard
2058,0,standard
2059,3,standard
2060,2,intercropped_maize
2061,0,standard
2062,1,standard
2063,3,standard
2064,3,standard
2065,0,direct_seeded
2066,3,standard
2067,0,direct_seeded
2068,0,standard
2069,2,standard
2070,0,standard
2071,3,standard
2072,2,standard
2073,0,standard
2074,2,standard
2075,3,late_sown
2076,0,direct_seeded
2077,2,standard
2078,4,standard
2079,4,standard
2080,0,standard
2081,2,standard
2082,1,standard
2083,2,standard
2084,1,standard
2085,1,standard
2086,2,standard
2087,0,standard
2088,0,standard
2089,0,standard
2090,0,standard
2091,0,direct_seeded
2092,4,standard
2093,4,standard
2094,0,standard
2095,0,direct_seeded
2096,0,standard
2097,1,standard
2098,0,standard
2099,3,standard
2100,0,standard
2101,3,late_sown
2102,3,standard
2103,4,standard
2104,1,standard
2105,3,standard
2106,0,standard
2107,0,standard
2108,2,standard
2109,2,intercropped_maize
2110,1,standard
2111,0,direct_seeded
2112,0,direct_seeded
2113,2,standard
2114,1,standard
2115,2,standard
2116,0,standard
2117,1,standard
2118,2,standard
2119,1,standard
2120,3,standard
2121,0,direct_seeded
2122,4,standard
2123,0,standard
2124,0,standard
2125,2,standard
2126,0,standard
2127,4,standard
2128,0,standard
2129,0,standard
2130,3,standard
2131,1,standard
2132,2,intercropped_maize
2133,2,standard
2134,4,standard
2135,3,standard
2136,2,intercropped_maize
2137,0,standard
2138,2,standard
2139,0,standard
2140,3,late_sown
2141,0,standard
2142,0,standard
2143,1,standard
2144,4,standard
2145,0,direct_seeded
2146,3,late_sown
2147,1,standard
2148,4,standard
2149,1,standard
2150,0,standard
2151,0,standard
2152,0,direct_seeded
2153,2,intercropped_maize
2154,0,standard
2155,3,standard
2156,4,standard
2157,3,standard
2158,4,standard
2159,0,standard
2160,4,standard
2161,0,standard
2162,0,standard
2163,0,standard
2164,4,standard
2165,0,standard
2166,0,standard
2167,1,standard
2168,4,standard
2169,0,direct_seeded
2170,3,late_sown
2171,0,standard
2172,0,standard
2173,0,standard
2174,2,intercropped_maize
2175,2,standard
2176,0,standard
2177,2,intercropped_maize
2178,4,standard
2179,1,standard
2180,4,standard
2181,4,standard
2182,2,standard
2183,0,direct_seeded
2184,3,standard
2185,2,standard
2186,0,standard
2187,4,standard
2188,2,standard
2189,1,standard
2190,0,standard
2191,0,standard
2192,0,direct_seeded
2193,2,standard
2194,3,standard
2195,1,standard
2196,2,standard
2197,4,standard
2198,0,standard
2199,2,standard
2200,0,direct_seeded
2201,4,standard
2202,4,standard
2203,0,standard
2204,2,standard
2205,2,intercropped_maize
2206,0,standard
2207,3,standard
2208,2,standard
2209,0,standard
2210,0,direct_seeded
2211,0,standard
2212,3,standard
2213,0,direct_seeded
2214,1,standard
2215,3,standard
2216,3,late_sown
2217,0,direct_seeded
2218,0,standard
2219,0,direct_seeded
2220,3,standard
2221,2,intercropped_maize
2222,1,standard
2223,0,standard
2224,1,standard
2225,4,standard
2226,0,standard
2227,0,standard
2228,3,standard
2229,0,standard
2230,0,standard
2231,1,standard
2232,0,standard
2233,2,standard
2234,1,standard
2235,4,standard
2236,4,standard
2237,2,standard
2238,1,standard
2239,0,direct_seeded
2240,4,standard
2241,3,late_sown
2242,0,standard
2243,0,direct_seeded
2244,1,standard
2245,0,standard
2246,3,standard
2247,3,standard
2248,4,standard
2249,0,standard
2250,0,standard
2251,4,standard
2252,1,standard
2253,0,standard
2254,0,standard
2255,1,standard
2256,1,standard
2257,4,standard
2258,0,standard
2259,3,standard
2260,3,standard
2261,0,direct_seeded
2262,2,intercropped_maize
2263,0,standard
2264,3,standard
2265,0,standard
2266,4,standard
2267,2,standard
2268,1,standard
2269,2,standard
2270,4,standard
2271,3,standard
2272,0,standard
2273,0,standard
2274,0,standard
2275,2,standard
2276,4,standard
2277,4,standard
2278,2,intercropped_maize
2279,0,standard
2280,4,standard
2281,3,standard
2282,1,standard
2283,4,standard
2284,2,standard
2285,0,standard
2286,4,standard
2287,4,standard
2288,1,standard
2289,4,standard
2290,4,standard
2291,0,standard
2292,1,standard
2293,1,standard
2294,2,intercropped_maize
2295,4,standard
2296,4,standard
2297,0,standard
2298,1,standard
2299,0,standard
2300,0,direct_seeded
2301,2,standard
2302,1,standard
2303,0,standard
2304,0,standard
2305,0,standard
2306,0,direct_seeded
2307,1,standard
2308,4,standard
2309,2,intercropped_maize
2310,1,standard
2311,3,late_sown
2312,3,standard
2313,3,late_sown
2314,3,standard
2315,0,direct_seeded
2316,0,direct_seeded
2317,4,standard
2318,0,standard
2319,0,standard
2320,3,standard
2321,3,standard
2322,1,standard
2323,2,standard
2324,2,intercropped_maize
2325,3,standard
2326,0,standard
2327,2,intercropped_maize
2328,4,standard
2329,4,standard
2330,0,standard
2331,0,standard
2332,1,standard
2333,3,standard
2334,3,late_sown
2335,0,standard
2336,0,direct_seeded
2337,3,standard
2338,0,standard
2339,4,standard
2340,3,standard
2341,1,standard
2342,1,standard
2343,0,standard
2344,0,direct_seeded
2345,0,standard
2346,3,standard
2347,2,standard
2348,4,standard
2349,2,standard
2350,3,late_sown
2351,1,standard
2352,2,standard
2353,3,late_sown
2354,4,standard
2355,1,standard
2356,2,standard
2357,1,standard
2358,2,intercropped_maize
2359,1,standard
2360,0,standard
2361,2,intercropped_maize
2362,3,late_sown
2363,2,standard
2364,2,standard
2365,3,standard
2366,0,standard
2367,4,standard
2368,4,standard
2369,0,standard
2370,3,late_sown
2371,4,standard
2372,0,standard
2373,2,standard
2374,2,standard
2375,0,direct_seeded
2376,4,standard
2377,4,standard
2378,2,standard
2379,2,standard
2380,2,standard
2381,1,standard
2382,2,standard
2383,0,direct_seeded
2384,0,standard
2385,1,standard
2386,1,standard
2387,1,standard
2388,1,standard
2389,1,standard
2390,3,standard
2391,2,standard
2392,2,standard
2393,0,standard
2394,4,standard
2395,1,standard
2396,0,direct_seeded
2397,4,standard
2398,3,standard
2399,2,standard
2400,1,standard
2401,0,direct_seeded
2402,3,standard
2403,4,standard
2404,0,standard
2405,0,standard
2406,0,standard
2407,4,standard
2408,1,standard
2409,0,standard
2410,1,standard
2411,0,standard
2412,0,standard
2413,3,standard
2414,3,late_sown
2415,0,standard
2416,3,standard
2417,4,standard
2418,2,standard
2419,2,standard
2420,0,standard
2421,3,standard
2422,2,standard
2423,2,intercropped_maize
2424,0,direct_seeded
2425,3,late_sown
2426,2,intercropped_maize
2427,4,standard
2428,3,standard
2429,3,standard
2430,1,standard
2431,2,standard
2432,4,standard
2433,4,standard
2434,2,standard
2435,2,standard
2436,1,standard
2437,0,standard
2438,3,standard
2439,4,standard
2440,2,standard
2441,0,standard
2442,0,standard
2443,1,standard
2444,4,standard
2445,1,standard
2446,4,standard
2447,3,standard
2448,2,intercropped_maize
2449,0,standard
2450,3,late_sown
2451,3,standard
2452,1,standard
2453,3,standard
2454,3,standard
2455,1,standard
2456,4,standard
2457,4,standard
2458,4,standard
2459,3,standard
2460,2,standard
2461,4,standard
2462,4,standard
2463,0,standard
2464,1,standard
2465,4,standard
2466,0,standard
2467,0,direct_seeded
2468,2,intercropped_maize
2469,0,standard
2470,3,standard
2471,3,standard
2472,1,standard
2473,0,standard
2474,4,standard
2475,1,standard
2476,3,late_sown
2477,0,standard
2478,0,direct_seeded
2479,3,standard
2480,3,standard
2481,1,standard
2482,4,standard
2483,0,direct_seeded
2484,3,standard
2485,0,standard
2486,4,standard
2487,0,standard
2488,3,standard
2489,0,direct_seeded
2490,4,standard
2491,4,standard
2492,2,standard
2493,0,standard
2494,0,standard
2495,0,direct_seeded
2496,2,standard
2497,2,intercropped_maize
2498,0,standard
2499,0,direct_seeded
2500,3,late_sown
2501,1,standard
2502,0,standard
2503,4,standard
2504,0,standard
2505,0,direct_seeded
2506,0,standard
2507,0,standard
2508,1,standard
2509,0,standard
2510,2,intercropped_maize
2511,1,standard
2512,0,direct_seeded
2513,1,standard
2514,3,standard
2515,0,standard
2516,4,standard
2517,0,standard
2518,2,standard
2519,3,standard
2520,0,standard
2521,3,standard
2522,2,intercropped_maize
2523,0,standard
2524,3,standard
2525,0,standard
2526,0,direct_seeded
2527,0,direct_seeded
2528,0,standard
2529,2,intercropped_maize
2530,1,standard
2531,4,standard
2532,0,standard
2533,4,standard
2534,4,standard
2535,0,standard
2536,3,standard
2537,4,standard
2538,1,standard
2539,0,standard
2540,2,standard
2541,0,standard
2542,0,standard
2543,3,standard
2544,3,standard
2545,2,standard
2546,0,standard
2547,3,standard
2548,0,standard
2549,0,direct_seeded
2550,0,standard
2551,1,standard
2552,4,standard
2553,0,direct_seeded
2554,0,standard
2555,1,standard
2556,0,direct_seeded
2557,1,standard
2558,3,standard
2559,2,standard
2560,2,intercropped_maize
2561,3,standard
2562,1,standard
2563,4,standard
2564,2,standard
2565,0,standard
2566,0,direct_seeded
2567,2,intercropped_maize
2568,4,standard
2569,0,direct_seeded
2570,0,direct_seeded
2571,2,standard
2572,4,standard
2573,0,standard
2574,3,standard
2575,0,standard
2576,2,intercropped_maize
2577,0,standard
2578,1,standard
2579,4,standard
2580,0,standard
2581,0,standard
2582,0,direct_seeded
2583,4,standard
2584,3,standard
2585,1,standard
2586,0,standard
2587,4,standard
2588,2,standard
2589,3,standard
2590,2,intercropped_maize
2591,3,standard
2592,4,standard
2593,0,standard
2594,3,standard
2595,0,standard
2596,3,standard
2597,2,standard
2598,0,direct_seeded
2599,4,standard
2600,4,standard
2601,4,standard
2602,0,standard
2603,0,standard
2604,2,intercropped_maize
2605,3,standard
2606,0,direct_seeded
2607,3,late_sown
2608,0,direct_seeded
2609,2,standard
2610,4,standard
2611,3,late_sown
2612,4,standard
2613,0,standard
2614,4,standard
2615,0,standard
2616,0,direct_seeded
2617,1,standard
2618,3,standard
2619,2,intercropped_maize
2620,0,standard
2621,0,standard
2622,2,intercropped_maize
2623,0,standard
2624,3,standard
2625,0,standard
2626,4,standard
2627,2,intercropped_maize
2628,0,standard
2629,4,standard
2630,2,standard
2631,0,direct_seeded
2632,0,standard
2633,2,intercropped_maize
2634,1,standard
2635,3,standard
2636,0,standard
2637,0,direct_seeded
2638,4,standard
2639,2,standard
2640,4,standard
2641,0,standard
2642,0,direct_seeded
2643,4,standard
2644,4,standard
2645,0,standard
2646,1,standard
2647,3,standard
2648,1,standard
2649,3,standard
2650,0,direct_seeded
2651,0,direct_seeded
2652,4,standard
2653,1,standard
2654,0,direct_seeded
2655,3,standard
2656,0,standard
2657,4,standard
2658,4,standard
2659,0,direct_seeded
2660,4,standard
2661,0,standard
2662,4,standard
2663,0,direct_seeded
2664,4,standard
2665,3,standard
2666,4,standard
2667,0,standard
2668,0,standard
2669,1,standard
2670,2,standard
2671,3,standard
2672,3,standard
2673,1,standard
2674,0,direct_seeded
2675,2,intercropped_maize
2676,0,standard
2677,0,standard
2678,4,standard
2679,2,standard
2680,0,standard
2681,1,standard
2682,0,direct_seeded
2683,0,direct_seeded
2684,3,late_sown
2685,3,standard
2686,0,standard
2687,0,direct_seeded
2688,1,standard
2689,0,direct_seeded
2690,1,standard
2691,1,standard
2692,0,direct_seeded
2693,2,standard
2694,0,standard
2695,2,standard
2696,1,standard
2697,0,standard
2698,4,standard
2699,0,standard
2700,0,standard
2701,0,standard
2702,0,standard
2703,3,standard
2704,0,standard
2705,3,standard
2706,4,standard
2707,2,standard
2708,1,standard
2709,3,standard
2710,0,standard
2711,1,standard
2712,4,standard
2713,0,standard
2714,4,standard
2715,1,standard
2716,0,direct_seeded
2717,1,standard
2718,0,standard
2719,1,standard
2720,0,standard
2721,0,standard
2722,0,standard
2723,0,direct_seeded
2724,4,standard
2725,0,standard
2726,3,late_sown
2727,1,standard
2728,4,standard
2729,4,standard
2730,2,standard
2731,2,intercropped_maize
2732,1,standard
2733,0,standard
2734,0,standard
2735,3,late_sown
2736,0,standard
2737,4,standard
2738,2,standard
2739,0,direct_seeded
2740,0,standard
2741,2,standard
2742,0,standard
2743,4,standard
2744,4,standard
2745,3,standard
2746,1,standard
2747,0,direct_seeded
2748,4,standard
2749,0,standard
2750,3,standard
2751,2,intercropped_maize
2752,0,standard
2753,0,standard
2754,3,standard
2755,0,standard
2756,0,standard
2757,0,standard
2758,1,standard
2759,1,standard
2760,0,standard
2761,3,standard
2762,2,standard
2763,2,standard
2764,2,standard
2765,0,direct_seeded
2766,4,standard
2767,4,standard
2768,4,standard
2769,0,standard
2770,1,standard
2771,0,standard
2772,0,standard
2773,1,standard
2774,0,standard
2775,0,standard
2776,3,standard
2777,0,standard
2778,1,standard
2779,1,standard
2780,1,standard
2781,1,standard
2782,1,standard
2783,4,standard
2784,0,standard
2785,0,standard
2786,0,standard
2787,4,standard
2788,3,standard
2789,0,direct_seeded
2790,3,standard
2791,2,standard
2792,1,standard
2793,2,standard
2794,0,direct_seeded
2795,1,standard
2796,1,standard
2797,0,standard
2798,0,direct_seeded
2799,1,standard
2800,0,standard
2801,0,standard
2802,0,standard
2803,2,standard
2804,3,standard
2805,3,standard
2806,3,standard
2807,2,intercropped_maize
2808,0,direct_seeded
2809,4,standard
2810,2,standard
2811,0,standard
2812,4,standard
2813,4,standard
2814,3,late_sown
2815,0,standard
2816,0,standard
2817,0,standard
2818,0,direct_seeded
2819,0,direct_seeded
2820,0,direct_seeded
2821,0,direct_seeded
2822,3,standard
2823,1,standard
2824,0,standard
2825,1,standard
2826,0,standard
2827,1,standard
2828,1,standard
2829,2,standard
2830,4,standard
2831,4,standard
2832,0,standard
2833,1,standard
2834,1,standard
2835,4,standard
2836,4,standard
2837,2,intercropped_maize
2838,4,standard
2839,0,direct_seeded
2840,1,standard
2841,3,standard
2842,3,standard
2843,2,standard
2844,0,direct_seeded
2845,4,standard
2846,3,standard
2847,0,direct_seeded
2848,0,direct_seeded
2849,3,standard
2850,0,standard
2851,1,standard
2852,3,standard
2853,1,standard
2854,0,standard
2855,0,direct_seeded
2856,3,standard
2857,0,direct_seeded
2858,4,standard
2859,3,late_sown
2860,3,standard
2861,4,standard
2862,4,standard
2863,0,standard
2864,0,standard
2865,4,standard
2866,3,late_sown
2867,4,standard
2868,1,standard
2869,2,standard
2870,4,standard
2871,0,standard
2872,2,intercropped_maize
2873,0,direct_seeded
2874,4,standard
2875,4,standard
2876,0,standard
2877,1,standard
2878,1,standard
2879,4,standard
2880,0,standard
2881,0,standard
2882,1,standard
2883,1,standard
2884,0,direct_seeded
2885,0,standard
2886,1,standard
2887,0,standard
2888,0,standard
2889,3,standard
2890,3,standard
2891,1,standard
2892,0,direct_seeded
2893,4,standard
2894,0,standard
2895,0,direct_seeded
2896,0,standard
2897,3,standard
2898,3,standard
2899,0,standard
2900,0,standard
2901,2,intercropped_maize
2902,3,standard
2903,4,standard
2904,0,standard
2905,0,standard
2906,0,standard
2907,0,standard
2908,4,standard
2909,1,standard
2910,2,intercropped_maize
2911,1,standard
2912,0,direct_seeded
2913,3,late_sown
2914,3,standard
2915,1,standard
2916,0,standard
2917,0,direct_seeded
2918,0,standard
2919,0,standard
2920,0,direct_seeded
2921,1,standard
2922,2,intercropped_maize
2923,4,standard
2924,0,standard
2925,3,standard
2926,0,standard
2927,0,direct_seeded
2928,4,standard
2929,0,direct_seeded
2930,1,standard
2931,2,standard
2932,0,standard
2933,0,standard
2934,0,direct_seeded
2935,4,standard
2936,4,standard
2937,0,standard
2938,3,standard
2939,0,standard
2940,0,standard
2941,0,standard
2942,4,standard
2943,2,intercropped_maize
2944,3,standard
2945,1,standard
2946,0,standard
2947,0,standard
2948,0,standard
2949,0,standard
2950,1,standard
2951,4,standard
2952,4,standard
2953,1,standard
2954,0,standard
2955,3,late_sown
2956,0,direct_seeded
2957,1,standard
2958,0,standard
2959,0,direct_seeded
2960,1,standard
2961,3,standard
2962,4,standard
2963,0,standard
2964,3,standard
2965,0,direct_seeded
2966,0,standard
2967,3,standard
2968,0,standard
2969,4,standard
2970,2,standard
2971,2,intercropped_maize
2972,3,standard
2973,0,standard
2974,3,late_sown
2975,1,standard
2976,1,standard
2977,3,standard
2978,4,standard
2979,0,standard
2980,2,standard
2981,4,standard
2982,2,standard
2983,4,standard
2984,3,standard
2985,4,standard
2986,0,standard
2987,1,standard
2988,3,standard
2989,3,standard
2990,0,standard
2991,0,direct_seeded
2992,0,standard
2993,0,direct_seeded
2994,0,standard
2995,3,late_sown
2996,2,intercropped_maize
2997,1,standard
2998,1,standard
2999,0,standard
3000,0,standard
3001,4,standard
3002,4,standard
3003,1,standard
3004,1,standard
3005,3,standard
3006,1,standard
3007,0,direct_seeded
3008,0,direct_seeded
3009,0,direct_seeded
3010,2,intercropped_maize
3011,3,standard
3012,3,standard
3013,0,standard
3014,3,standard
3015,0,standard
3016,0,standard
3017,0,direct_seeded
3018,0,standard
3019,0,direct_seeded
3020,4,standard
3021,2,intercropped_maize
3022,0,standard
3023,4,standard
3024,0,standard
3025,0,standard
3026,0,standard
3027,3,standard
3028,1,standard
3029,4,standard
3030,0,standard
3031,3,late_sown
3032,1,standard
3033,0,standard
3034,0,standard
3035,1,standard
3036,3,standard
3037,4,standard
3038,1,standard
3039,3,late_sown
3040,1,standard
3041,0,standard
3042,1,standard
3043,4,standard
3044,0,direct_seeded
3045,1,standard
3046,4,standard
3047,0,direct_seeded
3048,0,standard
3049,2,standard
3050,1,standard
3051,1,standard
3052,0,standard
3053,0,standard
3054,0,standard
3055,0,direct_seeded
3056,1,standard
3057,1,standard
3058,1,standard
3059,0,standard
3060,4,standard
3061,3,standard
3062,1,standard
3063,0,standard
3064,0,standard
3065,3,standard
3066,2,standard
3067,4,standard
3068,0,standard
3069,0,standard
3070,0,standard
3071,2,standard
3072,0,standard
3073,0,standard
3074,0,standard
3075,0,standard
3076,3,standard
3077,0,standard
3078,0,standard
3079,3,standard
3080,4,standard
3081,0,standard
3082,2,standard
3083,3,standard
3084,0,standard
3085,3,standard
3086,0,standard
3087,0,direct_seeded
3088,1,standard
3089,2,standard
3090,3,standard
3091,4,standard
3092,3,standard
3093,1,standard
3094,0,standard
3095,2,standard
3096,0,standard
3097,0,standard
3098,4,standard
3099,3,standard
3100,4,standard
3101,0,direct_seeded
3102,0,standard
3103,0,standard
3104,3,standard
3105,0,direct_seeded
3106,1,standard
3107,0,direct_seeded
3108,0,standard
3109,3,standard
3110,0,standard
3111,3,standard
3112,0,standard
3113,4,standard
3114,1,standard
3115,4,standard
3116,1,standard
3117,1,standard
3118,2,intercropped_maize
3119,3,standard
3120,4,standard
3121,0,standard
3122,0,standard
3123,0,standard
3124,0,standard
3125,3,standard
3126,3,standard
3127,2,standard
3128,2,standard
3129,4,standard
3130,2,standard
3131,0,direct_seeded
3132,4,standard
3133,2,intercropped_maize
3134,2,intercropped_maize
3135,3,standard
3136,4,standard
3137,4,standard
3138,0,standard
3139,0,standard
3140,0,standard
3141,0,standard
3142,3,standard
3143,2,intercropped_maize
3144,4,standard
3145,3,standard
3146,0,standard
3147,3,standard
3148,0,direct_seeded
3149,3,standard
3150,3,standard
3151,0,standard
3152,3,standard
3153,0,direct_seeded
3154,1,standard
3155,3,standard
3156,0,direct_seeded
3157,2,intercropped_maize
3158,4,standard
3159,0,standard
3160,0,direct_seeded
3161,3,standard
3162,0,standard
3163,3,standard
3164,0,standard
3165,0,standard
3166,0,standard
3167,3,standard
3168,3,late_sown
3169,4,standard
3170,3,standard
3171,0,standard
3172,0,standard
3173,4,standard
3174,1,standard
3175,0,standard
3176,4,standard
3177,4,standard
3178,0,direct_seeded
3179,3,standard
3180,3,late_sown
3181,4,standard
3182,1,standard
3183,0,standard
3184,0,standard
3185,0,standard
3186,0,standard
3187,3,standard
3188,2,intercropped_maize
3189,4,standard
3190,0,standard
3191,2,standard
3192,0,direct_seeded
3193,4,standard
3194,1,standard
3195,1,standard
3196,3,standard
3197,1,standard
3198,3,standard
3199,2,standard
3200,3,standard
3201,1,standard
3202,0,standard
3203,0,standard
3204,4,standard
3205,4,standard
3206,4,standard
3207,0,standard
3208,1,standard
3209,4,standard
3210,1,standard
3211,3,standard
3212,2,standard
3213,1,standard
3214,3,standard
3215,0,standard
3216,0,standard
3217,0,direct_seeded
3218,0,standard
3219,4,standard
3220,3,late_sown
3221,4,standard
3222,0,direct_seeded
3223,4,standard
3224,3,standard
3225,3,standard
3226,0,direct_seeded
3227,0,standard
3228,3,standard
3229,2,standard
3230,4,standard
3231,0,direct_seeded
3232,1,standard
3233,3,late_sown
3234,0,standard
3235,3,standard
3236,4,standard
3237,0,standard
3238,0,standard
3239,2,standard
3240,0,standard
3241,3,standard
3242,0,direct_seeded
3243,0,standard
3244,0,standard
3245,4,standard
3246,3,standard
3247,1,standard
3248,0,standard
3249,1,standard
3250,0,standard
3251,3,standard
3252,1,standard
3253,4,standard
3254,4,standard
3255,0,standard
3256,0,standard
3257,0,standard
3258,0,standard
3259,0,direct_seeded
3260,2,standard
3261,1,standard
3262,1,standard
3263,0,direct_seeded
3264,4,standard
3265,4,standard
3266,1,standard
3267,0,direct_seeded
3268,0,direct_seeded
3269,0,standard
3270,0,standard
3271,0,standard
3272,1,standard
3273,3,standard
3274,4,standard
3275,1,standard
3276,3,standard
3277,0,standard
3278,0,direct_seeded
3279,0,standard
3280,3,late_sown
3281,4,standard
3282,4,standard
3283,3,standard
3284,1,standard
3285,3,late_sown
3286,0,direct_seeded
3287,0,standard
3288,0,standard
3289,0,standard
3290,0,standard
3291,3,standard
3292,0,standard
3293,1,standard
3294,0,standard
3295,0,standard
3296,1,standard
3297,3,late_sown
3298,0,standard
3299,1,standard
3300,0,standard
3301,1,standard
3302,0,standard
3303,1,standard
3304,3,late_sown
3305,3,standard
3306,3,late_sown
3307,0,standard
3308,3,standard
3309,1,standard
3310,0,standard
3311,0,direct_seeded
3312,4,standard
3313,1,standard
3314,0,direct_seeded
3315,0,standard
3316,0,standard
3317,2,standard
3318,1,standard
3319,0,standard
3320,0,standard
3321,0,standard
3322,4,standard
3323,0,standard
3324,0,direct_seeded
3325,0,standard
3326,0,direct_seeded
3327,0,standard
3328,1,standard
3329,4,standard
3330,2,standard
3331,0,standard
3332,4,standard
3333,4,standard
3334,3,standard
3335,0,standard
3336,3,standard
3337,0,standard
3338,3,standard
3339,0,standard
3340,3,standard
3341,0,standard
3342,3,standard
3343,0,standard
3344,0,direct_seeded
3345,0,standard
3346,3,standard
3347,0,standard
3348,0,standard
3349,0,standard
3350,0,direct_seeded
3351,3,late_sown
3352,0,standard
3353,1,standard
3354,4,standard
3355,1,standard
3356,4,standard
3357,4,standard
3358,4,standard
3359,0,standard
3360,3,standard
3361,4,standard
3362,0,standard
3363,4,standard
3364,1,standard
3365,3,standard
3366,0,standard
3367,0,standard
3368,0,standard
3369,3,standard
3370,0,standard
3371,4,standard
3372,0,standard
3373,0,standard
3374,0,standard
3375,0,standard
3376,1,standard
3377,3,standard
3378,3,late_sown
3379,0,direct_seeded
3380,4,standard
3381,4,standard
3382,4,standard
3383,4,standard
3384,0,standard
3385,0,standard
3386,3,standard
3387,3,standard
3388,1,standard
3389,1,standard
3390,3,late_sown
3391,0,standard
3392,0,standard
3393,1,standard
3394,4,standard
3395,0,standard
3396,0,standard
3397,0,standard
3398,3,standard
3399,3,standard
3400,1,standard
3401,3,standard
3402,1,standard
3403,1,standard
3404,3,standard
3405,0,standard
3406,4,standard
3407,0,standard
3408,3,standard
3409,3,standard
3410,0,standard
3411,3,standard
3412,3,standard
3413,1,standard
3414,0,standard
3415,0,standard
3416,1,standard
3417,0,standard
3418,2,intercropped_maize
3419,4,standard
3420,0,standard
3421,0,direct_seeded
3422,3,standard
3423,3,standard
3424,0,standard
3425,4,standard
3426,0,standard
3427,1,standard
3428,1,standard
3429,3,standard
3430,0,direct_seeded
3431,3,standard
3432,1,standard
3433,3,standard
3434,3,standard
3435,1,standard
3436,1,standard
3437,0,standard
3438,0,standard
3439,0,standard
3440,2,standard
3441,0,standard
3442,0,standard
3443,0,standard
3444,0,standard
3445,0,standard
3446,3,standard
3447,2,intercropped_maize
3448,1,standard
3449,3,standard
3450,4,standard
3451,2,intercropped_maize
3452,0,standard
3453,1,standard
3454,0,standard
3455,3,late_sown
3456,0,standard
3457,0,standard
3458,0,standard
3459,3,standard
3460,0,standard
3461,1,standard
3462,0,standard
3463,0,standard
3464,0,direct_seeded
3465,0,standard
3466,2,standard
3467,4,standard
3468,1,standard
3469,0,direct_seeded
3470,0,direct_seeded
3471,3,standard
3472,1,standard
3473,1,standard
3474,1,standard
3475,1,standard
3476,0,standard
3477,1,standard
3478,0,standard
3479,3,standard
3480,0,direct_seeded
3481,1,standard
3482,1,standard
3483,0,standard
3484,4,standard
3485,2,standard
3486,0,standard
3487,0,standard
3488,0,standard
3489,0,direct_seeded
3490,3,standard
3491,3,late_sown
3492,0,direct_seeded
3493,0,standard
3494,2,intercropped_maize
3495,0,standard
3496,0,standard
3497,2,standard
3498,4,standard
3499,3,standard
3500,4,standard
3501,2,intercropped_maize
3502,0,standard
3503,0,standard
3504,1,standard
3505,1,standard
3506,0,standard
3507,0,standard
3508,3,standard
3509,1,standard
3510,2,standard
3511,0,standard
3512,0,standard
3513,0,standard
3514,0,direct_seeded
3515,3,standard
3516,0,standard
3517,2,intercropped_maize
3518,4,standard
3519,0,direct_seeded
3520,1,standard
3521,0,direct_seeded
3522,0,standard
3523,1,standard
3524,0,standard
3525,3,standard
3526,0,standard
3527,2,intercropped_maize
3528,0,standard
3529,0,standard
3530,0,standard
3531,1,standard
3532,3,standard
3533,1,standard
3534,0,standard
3535,1,standard
3536,0,direct_seeded
3537,4,standard
3538,4,standard
3539,2,standard
3540,0,standard
3541,3,standard
3542,0,standard
3543,0,direct_seeded
3544,3,standard
3545,0,direct_seeded
3546,3,standard
3547,0,standard
3548,3,standard
3549,0,direct_seeded
3550,4,standard
3551,0,standard
3552,0,standard
3553,0,standard
3554,2,standard
3555,1,standard
3556,3,late_sown
3557,0,direct_seeded
3558,2,standard
3559,0,standard
3560,1,standard
3561,2,standard
3562,4,standard
3563,1,standard
3564,1,standard
3565,4,standard
3566,0,standard
3567,0,standard
3568,0,direct_seeded
3569,2,standard
3570,2,standard
3571,0,direct_seeded
3572,0,standard
3573,3,standard
3574,4,standard
3575,0,standard
3576,2,standard
3577,0,standard
3578,0,standard
3579,3,standard
3580,0,standard
3581,0,standard
3582,3,standard
3583,0,standard
3584,0,standard
3585,0,standard
3586,1,standard
3587,1,standard
3588,2,intercropped_maize
3589,4,standard
3590,1,standard
3591,0,standard
3592,4,standard
3593,0,standard
3594,3,standard
3595,4,standard
3596,3,standard
3597,3,standard
3598,3,standard
3599,3,standard
3600,2,intercropped_maize
3601,0,direct_seeded
3602,0,standard
3603,4,standard
3604,1,standard
3605,4,standard
3606,0,standard
3607,0,standard
3608,1,standard
3609,4,standard
3610,0,standard
3611,0,standard
3612,4,standard
3613,3,late_sown
3614,0,direct_seeded
3615,4,standard
3616,4,standard
3617,0,standard
3618,0,standard
3619,0,standard
3620,4,standard
3621,4,standard
3622,0,standard
3623,0,standard
3624,3,standard
3625,2,standard
3626,4,standard
3627,3,standard
3628,4,standard
3629,4,standard
3630,3,standard
3631,1,standard
3632,2,standard
3633,1,standard
3634,4,standard
3635,0,standard
3636,0,standard
3637,3,standard
3638,0,standard
3639,1,standard
3640,1,standard
3641,0,standard
3642,4,standard
3643,4,standard
3644,0,standard
3645,3,late_sown
3646,0,standard
3647,0,standard
3648,3,standard
3649,1,standard
3650,3,standard
3651,2,standard
3652,0,standard
3653,1,standard
3654,4,standard
3655,0,direct_seeded
3656,4,standard
3657,0,standard
3658,0,direct_seeded
3659,3,standard
3660,0,standard
3661,3,standard
3662,0,standard
3663,2,standard
3664,0,standard
3665,0,standard
3666,3,late_sown
3667,1,standard
3668,0,standard
3669,0,standard
3670,0,direct_seeded
3671,0,standard
3672,0,direct_seeded
3673,4,standard
3674,3,standard
3675,0,standard
3676,0,standard
3677,3,late_sown
3678,0,standard
3679,0,standard
3680,0,standard
3681,3,standard
3682,4,standard
3683,2,intercropped_maize
3684,3,standard
3685,1,standard
3686,4,standard
3687,4,standard
3688,3,standard
3689,4,standard
3690,3,standard
3691,0,direct_seeded
3692,0,standard
3693,0,standard
3694,4,standard
3695,3,late_sown
3696,1,standard
3697,0,direct_seeded
3698,1,standard
3699,3,standard
3700,2,standard
3701,0,standard
3702,2,standard
3703,4,standard
3704,0,standard
3705,0,standard
3706,1,standard
3707,3,standard
3708,0,standard
3709,0,direct_seeded
3710,3,standard
3711,3,standard
3712,4,standard
3713,0,standard
3714,4,standard
3715,0,standard
3716,0,standard
3717,0,standard
3718,2,standard
3719,4,standard
3720,1,standard
3721,0,direct_seeded
3722,4,standard
3723,0,standard
3724,1,standard
3725,1,standard
3726,0,direct_seeded
3727,0,standard
3728,0,direct_seeded
3729,3,late_sown
3730,4,standard
3731,4,standard
3732,0,standard
3733,0,standard
3734,1,standard
3735,3,standard
3736,4,standard
3737,2,standard
3738,0,standard
3739,1,standard
3740,0,standard
3741,0,standard
3742,3,standard
3743,0,standard
3744,3,standard
3745,0,standard
3746,4,standard
3747,0,standard
3748,4,standard
3749,3,standard
3750,4,standard
3751,3,standard
3752,0,standard
3753,3,standard
3754,4,standard
3755,3,standard
3756,0,standard
3757,3,standard
3758,0,standard
3759,0,standard
3760,4,standard
3761,2,standard
3762,0,standard
3763,0,standard
3764,3,standard
3765,3,standard
3766,0,standard
3767,0,direct_seeded
3768,0,standard
3769,3,late_sown
3770,1,standard
3771,0,standard
3772,0,standard
3773,0,standard
3774,2,standard
3775,0,standard
3776,1,standard
3777,0,standard
3778,1,standard
3779,0,standard
3780,1,standard
3781,1,standard
3782,1,standard
3783,0,standard
3784,2,standard
3785,1,standard
3786,4,standard
3787,0,standard
3788,0,standard
3789,2,intercropped_maize
3790,1,standard
3791,1,standard
3792,4,standard
3793,0,standard
3794,2,intercropped_maize
3795,0,standard
3796,0,direct_seeded
3797,0,standard
3798,1,standard
3799,1,standard
3800,0,standard
3801,1,standard
3802,4,standard
3803,4,standard
3804,4,standard
3805,0,direct_seeded
3806,1,standard
3807,0,direct_seeded
3808,0,direct_seeded
3809,0,standard
3810,3,standard
3811,0,standard
3812,0,direct_seeded
3813,0,standard
3814,0,standard
3815,0,standard
3816,1,standard
3817,4,standard
3818,0,standard
3819,0,standard
3820,0,standard
3821,1,standard
3822,0,standard
3823,3,standard
3824,4,standard
3825,2,intercropped_maize
3826,0,standard
3827,0,direct_seeded
3828,0,direct_seeded
3829,4,standard
3830,3,standard
3831,3,standard
3832,4,standard
3833,0,direct_seeded
3834,0,direct_seeded
3835,4,standard
3836,0,standard
3837,0,direct_seeded
3838,0,direct_seeded
3839,0,standard
3840,4,standard
3841,3,standard
3842,2,standard
3843,4,standard
3844,0,standard
3845,3,standard
3846,4,standard
3847,1,standard
3848,1,standard
3849,0,standard
3850,0,direct_seeded
3851,1,standard
3852,0,standard
3853,3,standard
3854,3,standard
3855,0,direct_seeded
3856,0,standard
3857,3,late_sown
3858,0,direct_seeded
3859,0,standard
3860,4,standard
3861,3,standard
3862,4,standard
3863,2,standard
3864,4,standard
3865,3,late_sown
3866,3,standard
3867,0,standard
3868,0,standard
3869,3,standard
3870,0,direct_seeded
3871,3,standard
3872,1,standard
3873,0,standard
3874,3,standard
3875,2,intercropped_maize
3876,0,standard
3877,0,standard
3878,4,standard
3879,0,standard
3880,3,standard
3881,2,intercropped_maize
3882,2,intercropped_maize
3883,1,standard
3884,0,standard
3885,4,standard
3886,2,standard
3887,0,standard
3888,4,standard
3889,4,standard
3890,4,standard
3891,4,standard
3892,0,standard
3893,3,standard
3894,0,direct_seeded
3895,4,standard
3896,0,standard
3897,0,standard
3898,1,standard
3899,0,direct_seeded
3900,0,direct_seeded
3901,0,direct_seeded
3902,0,standard
3903,3,standard
3904,2,standard
3905,0,standard
3906,0,standard
3907,0,direct_seeded
3908,3,standard
3909,2,standard
3910,0,standard
3911,3,standard
3912,0,standard
3913,4,standard
3914,1,standard
3915,0,direct_seeded
3916,4,standard
3917,4,standard
3918,4,standard
3919,0,standard
3920,3,standard
3921,0,standard
3922,2,standard
3923,0,direct_seeded
3924,1,standard
3925,0,standard
3926,0,standard
3927,3,standard
3928,1,standard
3929,0,direct_seeded
3930,0,standard
3931,0,standard
3932,4,standard
3933,4,standard
3934,0,standard
3935,3,standard
3936,2,standard
3937,0,standard
3938,1,standard
3939,2,standard
3940,1,standard
3941,3,late_sown
3942,2,standard
3943,0,direct_seeded
3944,2,standard
3945,4,standard
3946,0,standard
3947,4,standard
3948,0,standard
3949,0,standard
3950,1,standard
3951,1,standard
3952,3,standard
3953,4,standard
3954,0,standard
3955,4,standard
3956,0,standard
3957,4,standard
3958,3,standard
3959,4,standard
3960,0,standard
3961,0,standard
3962,0,direct_seeded
3963,0,standard
3964,4,standard
3965,3,standard
3966,0,standard
3967,1,standard
3968,0,standard
3969,0,direct_seeded
3970,3,standard
3971,0,standard
3972,3,standard
3973,3,standard
3974,3,standard
3975,0,direct_seeded
3976,4,standard
3977,0,direct_seeded
3978,2,standard
3979,1,standard
3980,3,standard
3981,3,late_sown
3982,0,direct_seeded
3983,0,direct_seeded
3984,3,standard
3985,0,direct_seeded
3986,0,standard
3987,0,direct_seeded
3988,0,standard
3989,2,intercropped_maize
3990,3,late_sown
3991,3,standard
3992,4,standard
3993,3,standard
3994,3,standard
3995,3,standard
3996,0,standard
3997,0,standard
3998,0,direct_seeded
3999,1,standard
4000,3,standard
4001,3,standard
4002,0,standard
4003,3,late_sown
4004,2,standard
4005,3,standard
4006,2,standard
4007,3,standard
4008,1,standard
4009,4,standard
4010,1,standard
4011,2,standard
4012,1,standard
4013,0,standard
4014,0,standard
4015,3,late_sown
4016,4,standard
4017,1,standard
4018,1,standard
4019,0,direct_seeded
4020,0,standard
4021,3,late_sown
4022,4,standard
4023,1,standard
4024,3,standard
4025,0,direct_seeded
4026,3,standard
4027,0,standard
4028,2,intercropped_maize
4029,0,direct_seeded
4030,0,standard
4031,3,standard
4032,2,standard
4033,0,standard
4034,2,standard
4035,2,intercropped_maize
4036,3,standard
4037,0,standard
4038,3,standard
4039,0,standard
4040,3,standard
4041,1,standard
4042,1,standard
4043,0,direct_seeded
4044,0,standard
4045,0,direct_seeded
4046,0,standard
4047,0,standard
4048,3,standard
4049,0,standard
4050,0,standard
4051,2,standard
4052,3,standard
4053,0,direct_seeded
4054,0,standard
4055,1,standard
4056,1,standard
4057,4,standard
4058,1,standard
4059,0,standard
4060,0,standard
4061,0,standard
4062,0,direct_seeded
4063,0,standard
4064,0,standard
4065,0,standard
4066,4,standard
4067,0,standard
4068,0,standard
4069,0,standard
4070,3,late_sown
4071,0,standard
4072,0,standard
4073,3,standard
4074,0,standard
4075,0,standard
4076,3,standard
4077,2,standard
4078,0,standard
4079,4,standard
4080,3,standard
4081,3,late_sown
4082,0,standard
4083,1,standard
4084,0,standard
4085,4,standard
4086,0,standard
4087,4,standard
4088,1,standard
4089,0,direct_seeded
4090,0,standard
4091,2,standard
4092,2,intercropped_maize
4093,0,standard
4094,3,standard
4095,3,standard
4096,0,standard
4097,1,standard
4098,1,standard
4099,0,standard
4100,3,standard
4101,0,standard
4102,0,standard
4103,2,standard
4104,2,intercropped_maize
4105,0,standard
4106,4,standard
4107,0,standard
4108,4,standard
4109,3,standard
4110,4,standard
4111,1,standard
4112,0,standard
4113,1,standard
4114,0,standard
4115,2,intercropped_maize
4116,3,standard
4117,3,standard
4118,0,direct_seeded
4119,1,standard
4120,0,direct_seeded
4121,0,standard
4122,0,direct_seeded
4123,3,standard
4124,0,direct_seeded
4125,0,standard
4126,0,standard
4127,0,direct_seeded
4128,2,standard
4129,0,standard
4130,2,intercropped_maize
4131,0,standard
4132,2,standard
4133,3,standard
4134,0,standard
4135,0,direct_seeded
4136,4,standard
4137,0,standard
4138,0,standard
4139,3,standard
4140,1,standard
4141,4,standard
4142,1,standard
4143,0,standard
4144,0,direct_seeded
4145,2,standard
4146,1,standard
4147,0,direct_seeded
4148,3,standard
4149,2,standard
4150,1,standard
4151,0,standard
4152,0,standard
4153,3,standard
4154,4,standard
4155,2,standard
4156,0,standard
4157,3,standard
4158,3,standard
4159,4,standard
4160,4,standard
4161,3,late_sown
4162,2,standard
4163,3,standard
4164,3,late_sown
4165,0,standard
4166,3,standard
4167,4,standard
4168,0,direct_seeded
4169,2,standard
4170,3,standard
4171,4,standard
4172,1,standard
4173,2,standard
4174,0,standard
4175,1,standard
4176,3,late_sown
4177,4,standard
4178,1,standard
4179,0,direct_seeded
4180,0,standard
4181,3,standard
4182,4,standard
4183,0,standard
4184,3,standard
4185,0,standard
4186,0,standard
4187,2,standard
4188,0,standard
4189,0,standard
4190,0,standard
4191,0,direct_seeded
4192,3,standard
4193,1,standard
4194,1,standard
4195,0,direct_seeded
4196,0,standard
4197,3,late_sown
4198,3,standard
4199,0,standard
4200,0,standard
4201,3,standard
4202,4,standard
4203,0,standard
4204,0,standard
4205,4,standard
4206,4,standard
4207,0,standard
4208,0,standard
4209,0,standard
4210,2,standard
4211,2,intercropped_maize
4212,4,standard
4213,0,standard
4214,3,standard
4215,0,standard
4216,3,standard
4217,0,standard
4218,0,standard
4219,3,standard
4220,0,standard
4221,0,standard
4222,3,standard
4223,1,standard
4224,0,direct_seeded
4225,0,direct_seeded
4226,0,direct_seeded
4227,4,standard
4228,0,standard
4229,0,direct_seeded
4230,4,standard
4231,0,standard
4232,0,standard
4233,0,standard
4234,0,standard
4235,4,standard
4236,2,standard
4237,0,direct_seeded
4238,4,standard
4239,2,standard
4240,2,intercropped_maize
4241,0,standard
4242,1,standard
4243,1,standard
4244,1,standard
4245,4,standard
4246,1,standard
4247,2,standard
4248,1,standard
4249,2,standard
4250,2,standard
4251,0,standard
4252,1,standard
4253,3,standard
4254,0,direct_seeded
4255,0,standard
4256,3,standard
4257,4,standard
4258,1,standard
4259,3,standard
4260,0,standard
4261,0,standard
4262,3,standard
4263,2,intercropped_maize
4264,2,standard
4265,0,standard
4266,2,standard
4267,3,standard
4268,0,standard
4269,3,standard
4270,0,standard
4271,3,late_sown
4272,0,standard
4273,4,standard
4274,1,standard
4275,0,standard
4276,3,standard
4277,0,direct_seeded
4278,3,standard
4279,0,direct_seeded
4280,0,standard
4281,3,standard
4282,1,standard
4283,2,standard
4284,4,standard
4285,4,standard
4286,0,standard
4287,3,standard
4288,0,standard
4289,0,direct_seeded
4290,0,standard
4291,1,standard
4292,0,direct_seeded
4293,1,standard
4294,4,standard
4295,0,standard
4296,0,standard
4297,0,direct_seeded
4298,0,standard
4299,4,standard
4300,3,late_sown
4301,1,standard
4302,0,standard
4303,0,standard
4304,0,standard
4305,3,standard
4306,0,standard
4307,1,standard
4308,0,standard
4309,4,standard
4310,3,standard
4311,3,standard
4312,0,standard
4313,3,standard
4314,2,standard
4315,0,standard
4316,0,direct_seeded
4317,3,standard
4318,1,standard
4319,0,standard
4320,0,standard
4321,1,standard
4322,3,standard
4323,3,late_sown
4324,0,direct_seeded
4325,0,direct_seeded
4326,4,standard
4327,0,direct_seeded
4328,4,standard
4329,0,standard
4330,0,standard
4331,0,standard
4332,0,direct_seeded
4333,0,standard
4334,2,standard
4335,0,standard
4336,0,direct_seeded
4337,4,standard
4338,4,standard
4339,0,direct_seeded
4340,3,standard
4341,3,standard
4342,1,standard
4343,0,direct_seeded
4344,0,standard
4345,1,standard
4346,3,standard
4347,1,standard
4348,0,standard
4349,0,direct_seeded
4350,3,standard
4351,1,standard
4352,0,standard
4353,1,standard
4354,1,standard
4355,0,standard
4356,0,standard
4357,3,late_sown
4358,3,standard
4359,0,standard
4360,2,standard
4361,0,direct_seeded
4362,1,standard
4363,4,standard
4364,1,standard
4365,3,late_sown
4366,0,standard
4367,1,standard
4368,0,standard
4369,0,standard
4370,0,standard
4371,0,standard
4372,0,direct_seeded
4373,0,direct_seeded
4374,0,standard
4375,0,standard
4376,3,standard
4377,4,standard
4378,1,standard
4379,2,intercropped_maize
4380,0,standard
4381,3,standard
4382,1,standard
4383,4,standard
4384,0,standard
4385,2,standard
4386,3,standard
4387,0,direct_seeded
4388,4,standard
4389,3,standard
4390,0,standard
4391,2,intercropped_maize
4392,0,direct_seeded
4393,3,late_sown
4394,4,standard
4395,0,direct_seeded
4396,0,standard
4397,3,late_sown
4398,3,standard
4399,4,standard
4400,0,standard
4401,0,standard
4402,0,standard
4403,4,standard
4404,3,standard
4405,0,direct_seeded
4406,0,standard
4407,2,intercropped_maize
4408,3,standard
4409,3,standard
4410,0,direct_seeded
4411,4,standard
4412,1,standard
4413,3,late_sown
4414,0,standard
4415,0,standard
4416,0,direct_seeded
4417,4,standard
4418,4,standard
4419,0,standard
4420,2,standard
4421,1,standard
4422,2,intercropped_maize
4423,0,standard
4424,0,direct_seeded
4425,0,direct_seeded
4426,0,direct_seeded
4427,0,direct_seeded
4428,3,standard
4429,2,standard
4430,2,standard
4431,3,late_sown
4432,0,standard
4433,2,standard
4434,3,standard
4435,0,standard
4436,0,standard
4437,0,standard
4438,0,direct_seeded
4439,3,standard
4440,4,standard
4441,2,standard
4442,2,standard
4443,2,standard
4444,1,standard
4445,0,standard
4446,0,standard
4447,0,standard
4448,1,standard
4449,0,direct_seeded
4450,3,standard
4451,0,standard
4452,4,standard
4453,0,standard
4454,0,standard
4455,3,standard
4456,1,standard
4457,3,standard
4458,3,standard
4459,1,standard
4460,3,standard
4461,0,standard
4462,4,standard
4463,0,direct_seeded
4464,0,direct_seeded
4465,3,late_sown
4466,1,standard
4467,3,standard
4468,2,standard
4469,0,standard
4470,4,standard
4471,3,standard
4472,0,direct_seeded
4473,4,standard
4474,2,intercropped_maize
4475,0,standard
4476,0,standard
4477,3,standard
4478,0,direct_seeded
4479,4,standard
4480,0,standard
4481,0,standard
4482,3,standard
4483,0,standard
4484,0,standard
4485,3,standard
4486,4,standard
4487,4,standard
4488,0,standard
4489,0,standard
4490,3,standard
4491,3,standard
4492,2,standard
4493,0,standard
4494,3,standard
4495,0,standard
4496,3,standard
4497,1,standard
4498,4,standard
4499,3,standard
4500,1,standard
4501,3,late_sown
4502,4,standard
4503,0,standard
4504,3,standard
4505,0,standard
4506,4,standard
4507,3,standard
4508,4,standard
4509,4,standard
4510,0,direct_seeded
4511,0,standard
4512,0,standard
4513,0,standard
4514,0,standard
4515,0,standard
4516,0,standard
4517,4,standard
4518,3,standard
4519,0,standard
4520,0,standard
4521,2,intercropped_maize
4522,2,intercropped_maize
4523,2,standard
4524,0,direct_seeded
4525,1,standard
4526,4,standard
4527,2,standard
4528,1,standard
4529,3,standard
4530,1,standard
4531,1,standard
4532,2,standard
4533,0,standard
4534,2,intercropped_maize
4535,4,standard
4536,0,direct_seeded
4537,2,standard
4538,0,standard
4539,0,standard
4540,0,standard
4541,0,standard
4542,1,standard
4543,2,intercropped_maize
4544,0,standard
4545,4,standard
4546,0,standard
4547,3,standard
4548,2,intercropped_maize
4549,1,standard
4550,2,standard
4551,4,standard
4552,0,direct_seeded
4553,0,standard
4554,0,direct_seeded
4555,0,standard
4556,0,standard
4557,0,standard
4558,1,standard
4559,0,standard
4560,1,standard
4561,3,standard
4562,0,direct_seeded
4563,0,standard
4564,3,standard
4565,3,standard
4566,3,standard
4567,2,standard
4568,1,standard
4569,0,standard
4570,3,standard
4571,4,standard
4572,1,standard
4573,0,direct_seeded
4574,0,standard
4575,2,standard
4576,4,standard
4577,4,standard
4578,4,standard
4579,0,direct_seeded
4580,2,intercropped_maize
4581,4,standard
4582,3,late_sown
4583,0,standard
4584,3,standard
4585,0,standard
4586,0,standard
4587,0,standard
4588,3,standard
4589,1,standard
4590,0,standard
4591,0,standard
4592,3,standard
4593,0,standard
4594,3,standard
4595,3,standard
4596,2,intercropped_maize
4597,4,standard
4598,0,direct_seeded
4599,4,standard
4600,0,direct_seeded
4601,3,standard
4602,1,standard
4603,3,standard
4604,0,standard
4605,0,standard
4606,3,standard
4607,0,standard
4608,3,late_sown
4609,0,standard
4610,0,standard
4611,0,direct_seeded
4612,1,standard
4613,0,direct_seeded
4614,3,standard
4615,4,standard
4616,4,standard
4617,2,intercropped_maize
4618,1,standard
4619,4,standard
4620,3,standard
4621,2,standard
4622,2,intercropped_maize
4623,2,intercropped_maize
4624,2,standard
4625,3,standard
4626,3,standard
4627,1,standard
4628,0,standard
4629,1,standard
4630,3,standard
4631,4,standard
4632,1,standard
4633,0,standard
4634,1,standard
4635,0,standard
4636,3,standard
4637,2,standard
4638,0,standard
4639,0,direct_seeded
4640,2,standard
4641,0,standard
4642,1,standard
4643,0,standard
4644,0,standard
4645,0,direct_seeded
4646,4,standard
4647,2,standard
4648,2,standard
4649,2,intercropped_maize
4650,3,standard
4651,3,standard
4652,2,standard
4653,0,direct_seeded
4654,0,direct_seeded
4655,2,standard
4656,0,direct_seeded
4657,3,standard
4658,0,standard
4659,3,standard
4660,4,standard
4661,0,standard
4662,2,intercropped_maize
4663,2,standard
4664,4,standard
4665,3,standard
4666,4,standard
4667,0,standard
4668,1,standard
4669,3,standard
4670,1,standard
4671,1,standard
4672,3,standard
4673,3,standard
4674,3,late_sown
4675,0,standard
4676,1,standard
4677,1,standard
4678,3,standard
4679,0,standard
4680,2,standard
4681,0,standard
4682,0,standard
4683,2,standard
4684,0,standard
4685,3,late_sown
4686,2,standard
4687,2,standard
4688,3,standard
4689,3,standard
4690,0,standard
4691,1,standard
4692,0,standard
4693,3,standard
4694,0,standard
4695,3,late_sown
4696,3,standard
4697,0,standard
4698,0,standard
4699,2,intercropped_maize
4700,0,standard
4701,0,standard
4702,4,standard
4703,2,standard
4704,2,standard
4705,1,standard
4706,1,standard
4707,4,standard
4708,0,standard
4709,0,standard
4710,2,intercropped_maize
4711,0,standard
4712,2,standard
4713,0,standard
4714,4,standard
4715,3,standard
4716,1,standard
4717,1,standard
4718,0,standard
4719,0,standard
4720,3,standard
4721,0,standard
4722,0,standard
4723,4,standard
4724,2,intercropped_maize
4725,2,intercropped_maize
4726,0,standard
4727,2,intercropped_maize
4728,3,standard
4729,2,standard
4730,1,standard
4731,0,standard
4732,4,standard
4733,1,standard
4734,2,standard
4735,1,standard
4736,2,standard
4737,0,standard
4738,2,intercropped_maize
4739,0,standard
4740,0,standard
4741,1,standard
4742,1,standard
4743,2,intercropped_maize
4744,3,standard
4745,3,standard
4746,3,late_sown
4747,1,standard
4748,1,standard
4749,0,direct_seeded
4750,2,standard
4751,0,direct_seeded
4752,0,standard
4753,4,standard
4754,3,standard
4755,0,standard
4756,4,standard
4757,1,standard
4758,4,standard
4759,3,standard
4760,0,standard
4761,0,direct_seeded
4762,0,standard
4763,1,standard
4764,4,standard
4765,0,direct_seeded
4766,2,intercropped_maize
4767,4,standard
4768,0,standard
4769,4,standard
4770,0,direct_seeded
4771,0,standard
4772,3,standard
4773,1,standard
4774,4,standard
4775,2,intercropped_maize
4776,0,standard
4777,2,intercropped_maize
4778,0,standard
4779,1,standard
4780,0,direct_seeded
4781,4,standard
4782,2,standard
4783,0,standard
4784,0,standard
4785,3,late_sown
4786,0,standard
4787,4,standard
4788,0,standard
4789,2,intercropped_maize
4790,3,standard
4791,0,direct_seeded
4792,3,standard
4793,2,standard
4794,0,standard
4795,1,standard
4796,3,standard
4797,0,standard
4798,0,standard
4799,2,standard
4800,0,direct_seeded
4801,0,standard
4802,2,standard
4803,1,standard
4804,4,standard
4805,0,standard
4806,4,standard
4807,0,direct_seeded
4808,4,standard
4809,1,standard
4810,2,standard
4811,0,standard
4812,0,direct_seeded
4813,0,standard
4814,0,direct_seeded
4815,2,standard
4816,0,direct_seeded
4817,0,direct_seeded
4818,3,late_sown
4819,0,standard
4820,4,standard
4821,2,standard
4822,1,standard
4823,1,standard
4824,3,standard
4825,1,standard
4826,0,direct_seeded
4827,0,direct_seeded
4828,0,standard
4829,0,standard
4830,1,standard
4831,0,standard
4832,1,standard
4833,4,standard
4834,4,standard
4835,2,standard
4836,3,standard
4837,2,standard
4838,2,standard
4839,4,standard
4840,0,standard
4841,3,standard
4842,0,standard
4843,1,standard
4844,0,standard
4845,4,standard
4846,0,direct_seeded
4847,0,standard
4848,3,standard
4849,2,standard
4850,2,standard
4851,0,standard
4852,2,standard
4853,0,standard
4854,0,direct_seeded
4855,2,intercropped_maize
4856,3,standard
4857,1,standard
4858,3,standard
4859,3,standard
4860,0,standard
4861,2,standard
4862,0,standard
4863,0,direct_seeded
4864,0,standard
4865,1,standard
4866,2,intercropped_maize
4867,1,standard
4868,0,direct_seeded
4869,1,standard
4870,0,standard
4871,2,standard
4872,3,standard
4873,1,standard
4874,2,intercropped_maize
4875,3,standard
4876,0,direct_seeded
4877,3,standard
4878,0,direct_seeded
4879,1,standard
4880,3,standard
4881,0,direct_seeded
4882,2,standard
4883,0,standard
4884,2,intercropped_maize
4885,0,standard
4886,2,intercropped_maize
4887,3,standard
4888,0,direct_seeded
4889,2,standard
4890,2,standard
4891,4,standard
4892,2,intercropped_maize
4893,0,standard
4894,0,direct_seeded
4895,0,standard
4896,4,standard
4897,0,direct_seeded
4898,1,standard
4899,0,standard
4900,1,standard
4901,0,direct_seeded
4902,0,standard
4903,1,standard
4904,0,direct_seeded
4905,4,standard
4906,4,standard
4907,3,standard
4908,0,standard
4909,0,direct_seeded
4910,2,standard
4911,0,standard
4912,0,direct_seeded
4913,3,standard
4914,0,standard
4915,3,standard
4916,0,standard
4917,2,standard
4918,4,standard
4919,2,standard
4920,0,standard
4921,3,standard
4922,0,direct_seeded
4923,4,standard
4924,1,standard
4925,0,standard
4926,3,standard
4927,0,standard
4928,0,standard
4929,0,standard
4930,2,standard
4931,4,standard
4932,1,standard
4933,1,standard
4934,0,standard
4935,0,standard
4936,2,standard
4937,4,standard
4938,0,standard
4939,4,standard
4940,1,standard
4941,0,standard
4942,2,standard
4943,3,standard
4944,3,late_sown
4945,2,standard
4946,1,standard
4947,2,standard
4948,4,standard
4949,3,standard
4950,0,standard
4951,3,late_sown
4952,3,standard
4953,2,intercropped_maize
4954,0,direct_seeded
4955,4,standard
4956,4,standard
4957,4,standard
4958,3,standard
4959,3,standard
4960,4,standard
4961,0,standard
4962,1,standard
4963,2,intercropped_maize
4964,4,standard
4965,1,standard
4966,0,direct_seeded
4967,0,standard
4968,0,standard
4969,4,standard
4970,2,standard
4971,1,standard
4972,4,standard
4973,0,standard
4974,1,standard
4975,0,standard
4976,3,standard
4977,2,standard
4978,2,standard
4979,4,standard
4980,4,standard
4981,3,late_sown
4982,3,standard
4983,0,standard
4984,0,standard
4985,2,standard
4986,2,standard
4987,2,standard
4988,1,standard
4989,4,standard
4990,1,standard
4991,0,standard
4992,3,standard
4993,2,intercropped_maize
4994,4,standard
4995,0,standard
4996,2,intercropped_maize
4997,4,standard
4998,0,standard
4999,1,standard
5000,2,intercropped_maize
5001,0,standard
5002,1,standard
5003,4,standard
5004,4,standard
5005,0,direct_seeded
5006,0,standard
5007,0,standard
5008,3,standard
5009,2,intercropped_maize
5010,3,standard
5011,2,intercropped_maize
5012,0,standard
5013,4,standard
5014,4,standard
5015,1,standard
5016,4,standard
5017,2,intercropped_maize
5018,3,late_sown
5019,3,standard
5020,1,standard
5021,3,standard
5022,0,standard
5023,4,standard
5024,2,intercropped_maize
5025,0,direct_seeded
5026,3,standard
5027,0,standard
5028,0,standard
5029,2,standard
5030,1,standard
5031,1,standard
5032,3,standard
5033,3,standard
5034,3,late_sown
5035,1,standard
5036,0,direct_seeded
5037,2,standard
5038,4,standard
5039,2,standard
5040,3,standard
5041,2,intercropped_maize
5042,3,standard
5043,0,standard
5044,2,intercropped_maize
5045,0,direct_seeded
5046,2,standard
5047,0,standard
5048,1,standard
5049,0,direct_seeded
5050,4,standard
5051,1,standard
5052,2,standard
5053,2,standard
5054,0,standard
5055,3,standard
5056,0,standard
5057,2,intercropped_maize
5058,0,standard
5059,4,standard
5060,0,standard
5061,0,standard
5062,0,standard
5063,1,standard
5064,0,standard
5065,2,standard
5066,1,standard
5067,2,standard
5068,4,standard
5069,1,standard
5070,0,standard
5071,3,standard
5072,3,standard
5073,0,direct_seeded
5074,1,standard
5075,2,intercropped_maize
5076,4,standard
5077,4,standard
5078,0,standard
5079,2,intercropped_maize
5080,2,intercropped_maize
5081,2,standard
5082,0,standard
5083,2,intercropped_maize
5084,2,standard
5085,0,standard
5086,1,standard
5087,3,standard
5088,2,intercropped_maize
5089,0,direct_seeded
5090,2,intercropped_maize
5091,0,standard
5092,3,late_sown
5093,2,standard
5094,0,standard
5095,3,standard
5096,4,standard
5097,0,standard
5098,0,standard
5099,0,direct_seeded
5100,0,direct_seeded
5101,1,standard
5102,0,direct_seeded
5103,0,standard
5104,3,standard
5105,0,direct_seeded
5106,3,standard
5107,2,intercropped_maize
5108,3,standard
5109,0,standard
5110,1,standard
5111,2,standard
5112,0,direct_seeded
5113,0,standard
5114,0,direct_seeded
5115,0,standard
5116,4,standard
5117,0,standard
5118,3,standard
5119,0,direct_seeded
5120,1,standard
5121,1,standard
5122,0,direct_seeded
5123,3,standard
5124,2,standard
5125,1,standard
5126,2,standard
5127,3,standard
5128,2,standard
5129,0,direct_seeded
5130,0,standard
5131,2,standard
5132,2,intercropped_maize
5133,3,standard
5134,4,standard
5135,2,intercropped_maize
5136,4,standard
5137,0,standard
5138,0,standard
5139,0,standard
5140,2,standard
5141,4,standard
5142,0,standard
5143,0,standard
5144,3,standard
5145,0,standard
5146,2,standard
5147,2,standard
5148,0,direct_seeded
5149,4,standard
5150,2,standard
5151,1,standard
5152,4,standard
5153,3,standard
5154,2,standard
5155,3,standard
5156,1,standard
5157,0,standard
5158,2,intercropped_maize
5159,4,standard
5160,3,late_sown
5161,0,standard
5162,2,standard
5163,4,standard
5164,1,standard
5165,1,standard
5166,4,standard
5167,1,standard
5168,4,standard
5169,3,standard
5170,3,standard
5171,1,standard
5172,1,standard
5173,2,standard
5174,1,standard
5175,4,standard
5176,2,standard
5177,0,standard
5178,1,standard
5179,3,standard
5180,2,intercropped_maize
5181,2,standard
5182,0,standard
5183,0,standard
5184,2,intercropped_maize
5185,2,standard
5186,0,direct_seeded
5187,1,standard
5188,3,standard
5189,1,standard
5190,0,direct_seeded
5191,1,standard
5192,2,standard
5193,0,direct_seeded
5194,2,standard
5195,4,standard
5196,3,late_sown
5197,2,intercropped_maize
5198,1,standard
5199,1,standard
5200,4,standard
5201,3,standard
5202,4,standard
5203,3,standard
5204,4,standard
5205,4,standard
5206,4,standard
5207,2,standard
5208,2,intercropped_maize
5209,0,standard
5210,4,standard
5211,2,standard
5212,3,late_sown
5213,0,direct_seeded
5214,0,direct_seeded
5215,2,intercropped_maize
5216,4,standard
5217,1,standard
5218,3,late_sown
5219,0,direct_seeded
5220,3,standard
5221,0,standard
5222,0,direct_seeded
5223,4,standard
5224,0,standard
5225,0,standard
5226,3,standard
5227,0,standard
5228,0,standard
5229,3,standard
5230,3,standard
5231,0,standard
5232,2,standard
5233,1,standard
5234,2,standard
5235,2,standard
5236,0,standard
5237,2,intercropped_maize
5238,3,standard
5239,2,intercropped_maize
5240,2,standard
5241,4,standard
5242,4,standard
5243,3,standard
5244,0,standard
5245,2,standard
5246,1,standard
5247,0,standard
5248,1,standard
5249,1,standard
5250,0,standard
5251,0,standard
5252,0,direct_seeded
5253,2,standard
5254,3,standard
5255,1,standard
5256,0,direct_seeded
5257,0,standard
5258,0,standard
5259,4,standard
5260,1,standard
5261,0,standard
5262,4,standard
5263,0,standard
5264,2,standard
5265,0,direct_seeded
5266,0,standard
5267,0,standard
5268,3,standard
5269,2,intercropped_maize
5270,0,standard
5271,0,standard
5272,4,standard
5273,1,standard
5274,1,standard
5275,2,standard
5276,1,standard
5277,0,direct_seeded
5278,2,intercropped_maize
5279,0,standard
5280,0,direct_seeded
5281,0,standard
5282,4,standard
5283,2,intercropped_maize
5284,0,standard
5285,4,standard
5286,2,standard
5287,1,standard
5288,0,standard
5289,2,standard
5290,1,standard
5291,0,direct_seeded
5292,1,standard
5293,3,standard
5294,4,standard
5295,2,standard
5296,1,standard
5297,0,standard
5298,3,late_sown
5299,1,standard
5300,3,standard
5301,1,standard
5302,3,standard
5303,2,standard
5304,4,standard
5305,1,standard
5306,0,standard
5307,0,direct_seeded
5308,3,standard
5309,0,standard
5310,2,intercropped_maize
5311,1,standard
5312,4,standard
5313,4,standard
5314,0,standard
5315,2,standard
5316,1,standard
5317,0,standard
5318,0,standard
5319,0,standard
5320,2,intercropped_maize
5321,2,standard
5322,0,direct_seeded
5323,1,standard
5324,4,standard
5325,0,standard
5326,0,standard
5327,3,standard
5328,1,standard
5329,3,late_sown
5330,4,standard
5331,4,standard
5332,1,standard
5333,3,standard
5334,3,standard
5335,3,standard
5336,0,direct_seeded
5337,4,standard
5338,2,intercropped_maize
5339,2,intercropped_maize
5340,4,standard
5341,2,intercropped_maize
5342,0,direct_seeded
5343,0,standard
5344,2,standard
5345,3,standard
5346,2,standard
5347,2,standard
5348,0,standard
5349,0,direct_seeded
5350,4,standard
5351,1,standard
5352,0,standard
5353,0,standard
5354,1,standard
5355,3,standard
5356,2,standard
5357,0,direct_seeded
5358,1,standard
5359,1,standard
5360,1,standard
5361,4,standard
5362,0,standard
5363,0,direct_seeded
5364,3,standard
5365,3,standard
5366,0,standard
5367,3,standard
5368,3,standard
5369,0,standard
5370,1,standard
5371,2,intercropped_maize
5372,0,direct_seeded
5373,3,standard
5374,0,standard
5375,0,standard
5376,2,standard
5377,3,standard
5378,1,standard
5379,3,standard
5380,1,standard
5381,0,direct_seeded
5382,0,direct_seeded
5383,1,standard
5384,4,standard
5385,1,standard
5386,3,standard
5387,4,standard
5388,1,standard
5389,0,direct_seeded
5390,3,standard
5391,3,late_sown
5392,0,standard
5393,2,intercropped_maize
5394,3,standard
5395,2,intercropped_maize
5396,2,intercropped_maize
5397,2,standard
5398,0,direct_seeded
5399,0,standard
